197.5,242.5,25,25,FALSE,202.5,242.5,25,25,FALSE,207.5,242.5,25,25,FALSE,212.5,242.5,25,25,FALSE,217.5,242.5,25,25,FALSE,222.5,242.5,25,25,FALSE,227.5,242.5,25,25,FALSE,232.5,242.5,25,25,FALSE,237.5,242.5,25,25,FALSE,242.5,242.5,25,25,FALSE,247.5,242.5,25,25,FALSE,252.5,242.5,25,25,FALSE,257.5,242.5,25,25,FALSE,262.5,242.5,25,25,FALSE,267.5,242.5,25,25,FALSE,272.5,242.5,25,25,FALSE,277.5,242.5,25,25,FALSE,282.5,242.5,25,25,FALSE,287.5,242.5,25,25,FALSE,292.5,242.5,25,25,FALSE,297.5,242.5,25,25,FALSE,197.5,247.5,25,25,FALSE,202.5,247.5,25,25,FALSE,207.5,247.5,25,25,FALSE,212.5,247.5,25,25,FALSE,217.5,247.5,25,25,FALSE,222.5,247.5,25,25,FALSE,227.5,247.5,25,25,FALSE,232.5,247.5,25,25,FALSE,237.5,247.5,25,25,FALSE,242.5,247.5,25,25,FALSE,247.5,247.5,25,25,FALSE,252.5,247.5,25,25,FALSE,257.5,247.5,25,25,FALSE,262.5,247.5,25,25,FALSE,267.5,247.5,25,25,FALSE,272.5,247.5,25,25,FALSE,277.5,247.5,25,25,FALSE,282.5,247.5,25,25,FALSE,287.5,247.5,25,25,FALSE,292.5,247.5,25,25,FALSE,297.5,247.5,25,25,FALSE,197.5,252.5,25,25,FALSE,202.5,252.5,25,25,FALSE,207.5,252.5,25,25,FALSE,212.5,252.5,25,25,FALSE,217.5,252.5,25,25,FALSE,222.5,252.5,25,25,FALSE,227.5,252.5,25,25,FALSE,232.5,252.5,25,25,FALSE,237.5,252.5,25,25,FALSE,242.5,252.5,25,25,FALSE,247.5,252.5,25,25,FALSE,252.5,252.5,25,25,FALSE,257.5,252.5,25,25,FALSE,262.5,252.5,25,25,FALSE,267.5,252.5,25,25,FALSE,272.5,252.5,25,25,FALSE,277.5,252.5,25,25,FALSE,282.5,252.5,25,25,FALSE,287.5,252.5,25,25,FALSE,292.5,252.5,25,25,FALSE,297.5,252.5,25,25,FALSE,,,,,,,,,,,,,,,,,,,,,,,,,,,,,,,,,,,,,,,,,,,,,,,,,,,,,,,,,,,,,,,,,,,,,,,,,,,,,,,,,,,,,,,,,,,,,,,,,,,,,,,,,,,,,,,,,,,,,,,,,,,,,,,,,,,,,,,,,,,,,,,,,,,,,,,,,,,,,,,,,,,,,,,,,,,,,,,,,,,,,,,,,,,,,,,,,,,,,,,,,,,,,,,,,,,,,,,,,,,,,,,,,,,,,,,,,,,,,,,,,,,,,,,,,,,,,,,,,,,,
197.5,237.5,25,25,FALSE,197.5,237.5,25,25,FALSE,202.5,237.5,25,25,FALSE,202.5,237.5,25,25,FALSE,202.5,237.5,25,25,FALSE,212.5,237.5,25,25,FALSE,212.5,237.5,25,25,FALSE,212.5,237.5,25,25,FALSE,217.5,237.5,25,25,FALSE,217.5,237.5,25,25,FALSE,217.5,237.5,25,25,FALSE,232.5,237.5,25,25,FALSE,232.5,237.5,25,25,FALSE,232.5,237.5,25,25,FALSE,237.5,237.5,25,25,FALSE,237.5,237.5,25,25,FALSE,237.5,237.5,25,25,FALSE,242.5,237.5,25,25,FALSE,242.5,237.5,25,25,FALSE,242.5,237.5,25,25,FALSE,252.5,237.5,25,25,FALSE,252.5,237.5,25,25,FALSE,252.5,237.5,25,25,FALSE,257.5,237.5,25,25,FALSE,257.5,237.5,25,25,FALSE,257.5,237.5,25,25,FALSE,262.5,237.5,25,25,FALSE,262.5,237.5,25,25,FALSE,262.5,237.5,25,25,FALSE,277.5,237.5,25,25,FALSE,277.5,237.5,25,25,FALSE,277.5,237.5,25,25,FALSE,287.5,237.5,25,25,FALSE,287.5,237.5,25,25,FALSE,287.5,237.5,25,25,FALSE,292.5,237.5,25,25,FALSE,292.5,237.5,25,25,FALSE,292.5,237.5,25,25,FALSE,302.5,237.5,25,25,FALSE,,,,,,,,,,,,,,,,,,,,,,,,,,,,,,,,,,,,,,,,,,,,,,,,,,,,,,,,,,,,,,,,,,,,,,,,,,,,,,,,,,,,,,,,,,,,,,,,,,,,,,,,,,,,,,,,,,,,,,,,,,,,,,,,,,,,,,,,,,,,,,,,,,,,,,,,,,,,,,,,,,,,,,,,,,,,,,,,,,,,,,,,,,,,,,,,,,,,,,,,,,,,,,,,,,,,,,,,,,,,,,,,,,,,,,,,,,,,,,,,,,,,,,,,,,,,,,,,,,,,,,,,,,,,,,,,,,,,,,,,,,,,,,,,,,,,,,,,,,,,,,,,,,,,,,,,,,,,,,,,,,,,,,,,,,,,,,,,,,,,,,,,,,,,,,,,,,,,,,,,,,,,,,,,,,,,,,,,,,,,
192.5,232.5,25,25,FALSE,202.5,232.5,25,25,FALSE,202.5,232.5,25,25,FALSE,217.5,232.5,25,25,FALSE,217.5,232.5,25,25,FALSE,227.5,232.5,25,25,FALSE,237.5,232.5,25,25,FALSE,237.5,232.5,25,25,FALSE,237.5,232.5,25,25,FALSE,247.5,232.5,25,25,FALSE,247.5,232.5,25,25,FALSE,252.5,232.5,25,25,FALSE,252.5,232.5,25,25,FALSE,257.5,232.5,25,25,FALSE,257.5,232.5,25,25,FALSE,257.5,232.5,25,25,FALSE,262.5,232.5,25,25,FALSE,262.5,232.5,25,25,FALSE,267.5,232.5,25,25,FALSE,277.5,232.5,25,25,FALSE,287.5,232.5,25,25,FALSE,287.5,232.5,25,25,FALSE,292.5,232.5,25,25,FALSE,292.5,232.5,25,25,FALSE,297.5,232.5,25,25,FALSE,297.5,232.5,25,25,FALSE,302.5,232.5,25,25,FALSE,307.5,232.5,25,25,FALSE,,,,,,,,,,,,,,,,,,,,,,,,,,,,,,,,,,,,,,,,,,,,,,,,,,,,,,,,,,,,,,,,,,,,,,,,,,,,,,,,,,,,,,,,,,,,,,,,,,,,,,,,,,,,,,,,,,,,,,,,,,,,,,,,,,,,,,,,,,,,,,,,,,,,,,,,,,,,,,,,,,,,,,,,,,,,,,,,,,,,,,,,,,,,,,,,,,,,,,,,,,,,,,,,,,,,,,,,,,,,,,,,,,,,,,,,,,,,,,,,,,,,,,,,,,,,,,,,,,,,,,,,,,,,,,,,,,,,,,,,,,,,,,,,,,,,,,,,,,,,,,,,,,,,,,,,,,,,,,,,,,,,,,,,,,,,,,,,,,,,,,,,,,,,,,,,,,,,,,,,,,,,,,,,,,,,,,,,,,,,,,,,,,,,,,,,,,,,,,,,,,,,,,,,,,,,,,,,,,,,,,,,,,,,,,,,,,,
192.5,227.5,25,25,FALSE,197.5,227.5,25,25,FALSE,197.5,227.5,25,25,FALSE,202.5,227.5,25,25,FALSE,207.5,227.5,25,25,FALSE,212.5,227.5,25,25,FALSE,222.5,227.5,25,25,FALSE,222.5,227.5,25,25,FALSE,227.5,227.5,25,25,FALSE,247.5,227.5,25,25,FALSE,247.5,227.5,25,25,FALSE,252.5,227.5,25,25,FALSE,252.5,227.5,25,25,FALSE,252.5,227.5,25,25,FALSE,257.5,227.5,25,25,FALSE,257.5,227.5,25,25,FALSE,257.5,227.5,25,25,FALSE,262.5,227.5,25,25,FALSE,262.5,227.5,25,25,FALSE,262.5,227.5,25,25,FALSE,272.5,227.5,25,25,FALSE,272.5,227.5,25,25,FALSE,277.5,227.5,25,25,FALSE,282.5,227.5,25,25,FALSE,282.5,227.5,25,25,FALSE,292.5,227.5,25,25,FALSE,292.5,227.5,25,25,FALSE,292.5,227.5,25,25,FALSE,297.5,227.5,25,25,FALSE,297.5,227.5,25,25,FALSE,297.5,227.5,25,25,FALSE,307.5,227.5,25,25,FALSE,307.5,227.5,25,25,FALSE,312.5,227.5,25,25,FALSE,,,,,,,,,,,,,,,,,,,,,,,,,,,,,,,,,,,,,,,,,,,,,,,,,,,,,,,,,,,,,,,,,,,,,,,,,,,,,,,,,,,,,,,,,,,,,,,,,,,,,,,,,,,,,,,,,,,,,,,,,,,,,,,,,,,,,,,,,,,,,,,,,,,,,,,,,,,,,,,,,,,,,,,,,,,,,,,,,,,,,,,,,,,,,,,,,,,,,,,,,,,,,,,,,,,,,,,,,,,,,,,,,,,,,,,,,,,,,,,,,,,,,,,,,,,,,,,,,,,,,,,,,,,,,,,,,,,,,,,,,,,,,,,,,,,,,,,,,,,,,,,,,,,,,,,,,,,,,,,,,,,,,,,,,,,,,,,,,,,,,,,,,,,,,,,,,,,,,,,,,,,,,,,,,,,,,,,,,,,,,,,,,,,,,,,,,,,,,,,,,,,,,
192.5,222.5,25,25,FALSE,192.5,222.5,25,25,FALSE,202.5,222.5,25,25,FALSE,202.5,222.5,25,25,FALSE,202.5,222.5,25,25,FALSE,207.5,222.5,25,25,FALSE,207.5,222.5,25,25,FALSE,207.5,222.5,25,25,FALSE,212.5,222.5,25,25,FALSE,212.5,222.5,25,25,FALSE,217.5,222.5,25,25,FALSE,217.5,222.5,25,25,FALSE,222.5,222.5,25,25,FALSE,222.5,222.5,25,25,FALSE,232.5,222.5,25,25,FALSE,242.5,222.5,25,25,FALSE,262.5,222.5,25,25,FALSE,262.5,222.5,25,25,FALSE,267.5,222.5,25,25,FALSE,267.5,222.5,25,25,FALSE,272.5,222.5,25,25,FALSE,272.5,222.5,25,25,FALSE,277.5,222.5,25,25,FALSE,277.5,222.5,25,25,FALSE,277.5,222.5,25,25,FALSE,282.5,222.5,25,25,FALSE,282.5,222.5,25,25,FALSE,287.5,222.5,25,25,FALSE,287.5,222.5,25,25,FALSE,307.5,222.5,25,25,FALSE,307.5,222.5,25,25,FALSE,317.5,222.5,25,25,FALSE,,,,,,,,,,,,,,,,,,,,,,,,,,,,,,,,,,,,,,,,,,,,,,,,,,,,,,,,,,,,,,,,,,,,,,,,,,,,,,,,,,,,,,,,,,,,,,,,,,,,,,,,,,,,,,,,,,,,,,,,,,,,,,,,,,,,,,,,,,,,,,,,,,,,,,,,,,,,,,,,,,,,,,,,,,,,,,,,,,,,,,,,,,,,,,,,,,,,,,,,,,,,,,,,,,,,,,,,,,,,,,,,,,,,,,,,,,,,,,,,,,,,,,,,,,,,,,,,,,,,,,,,,,,,,,,,,,,,,,,,,,,,,,,,,,,,,,,,,,,,,,,,,,,,,,,,,,,,,,,,,,,,,,,,,,,,,,,,,,,,,,,,,,,,,,,,,,,,,,,,,,,,,,,,,,,,,,,,,,,,,,,,,,,,,,,,,,,,,,,,,,,,,,,,,,,,,,,
192.5,217.5,25,25,FALSE,197.5,217.5,25,25,FALSE,197.5,217.5,25,25,FALSE,202.5,217.5,25,25,FALSE,202.5,217.5,25,25,FALSE,207.5,217.5,25,25,FALSE,207.5,217.5,25,25,FALSE,207.5,217.5,25,25,FALSE,212.5,217.5,25,25,FALSE,212.5,217.5,25,25,FALSE,212.5,217.5,25,25,FALSE,217.5,217.5,25,25,FALSE,217.5,217.5,25,25,FALSE,217.5,217.5,25,25,FALSE,222.5,217.5,25,25,FALSE,222.5,217.5,25,25,FALSE,227.5,217.5,25,25,FALSE,227.5,217.5,25,25,FALSE,232.5,217.5,25,25,FALSE,242.5,217.5,25,25,FALSE,247.5,217.5,25,25,FALSE,257.5,217.5,25,25,FALSE,262.5,217.5,25,25,FALSE,262.5,217.5,25,25,FALSE,267.5,217.5,25,25,FALSE,267.5,217.5,25,25,FALSE,267.5,217.5,25,25,FALSE,272.5,217.5,25,25,FALSE,272.5,217.5,25,25,FALSE,272.5,217.5,25,25,FALSE,277.5,217.5,25,25,FALSE,277.5,217.5,25,25,FALSE,277.5,217.5,25,25,FALSE,287.5,217.5,25,25,FALSE,287.5,217.5,25,25,FALSE,302.5,217.5,25,25,FALSE,307.5,217.5,25,25,FALSE,317.5,217.5,25,25,FALSE,322.5,217.5,25,25,FALSE,,,,,,,,,,,,,,,,,,,,,,,,,,,,,,,,,,,,,,,,,,,,,,,,,,,,,,,,,,,,,,,,,,,,,,,,,,,,,,,,,,,,,,,,,,,,,,,,,,,,,,,,,,,,,,,,,,,,,,,,,,,,,,,,,,,,,,,,,,,,,,,,,,,,,,,,,,,,,,,,,,,,,,,,,,,,,,,,,,,,,,,,,,,,,,,,,,,,,,,,,,,,,,,,,,,,,,,,,,,,,,,,,,,,,,,,,,,,,,,,,,,,,,,,,,,,,,,,,,,,,,,,,,,,,,,,,,,,,,,,,,,,,,,,,,,,,,,,,,,,,,,,,,,,,,,,,,,,,,,,,,,,,,,,,,,,,,,,,,,,,,,,,,,,,,,,,,,,,,,,,,,,,,,,,,,,,,,,,,,,
187.5,212.5,25,25,FALSE,192.5,212.5,25,25,FALSE,192.5,212.5,25,25,FALSE,202.5,212.5,25,25,FALSE,202.5,212.5,25,25,FALSE,202.5,212.5,25,25,FALSE,217.5,212.5,25,25,FALSE,217.5,212.5,25,25,FALSE,217.5,212.5,25,25,FALSE,227.5,212.5,25,25,FALSE,227.5,212.5,25,25,FALSE,227.5,212.5,25,25,FALSE,242.5,212.5,25,25,FALSE,242.5,212.5,25,25,FALSE,247.5,212.5,25,25,FALSE,247.5,212.5,25,25,FALSE,252.5,212.5,25,25,FALSE,252.5,212.5,25,25,FALSE,257.5,212.5,25,25,FALSE,257.5,212.5,25,25,FALSE,272.5,212.5,25,25,FALSE,272.5,212.5,25,25,FALSE,272.5,212.5,25,25,FALSE,277.5,212.5,25,25,FALSE,277.5,212.5,25,25,FALSE,282.5,212.5,25,25,FALSE,282.5,212.5,25,25,FALSE,287.5,212.5,25,25,FALSE,292.5,212.5,25,25,FALSE,297.5,212.5,25,25,FALSE,302.5,212.5,25,25,FALSE,302.5,212.5,25,25,FALSE,307.5,212.5,25,25,FALSE,307.5,212.5,25,25,FALSE,312.5,212.5,25,25,FALSE,312.5,212.5,25,25,FALSE,317.5,212.5,25,25,FALSE,317.5,212.5,25,25,FALSE,322.5,212.5,25,25,FALSE,322.5,212.5,25,25,FALSE,327.5,212.5,25,25,FALSE,,,,,,,,,,,,,,,,,,,,,,,,,,,,,,,,,,,,,,,,,,,,,,,,,,,,,,,,,,,,,,,,,,,,,,,,,,,,,,,,,,,,,,,,,,,,,,,,,,,,,,,,,,,,,,,,,,,,,,,,,,,,,,,,,,,,,,,,,,,,,,,,,,,,,,,,,,,,,,,,,,,,,,,,,,,,,,,,,,,,,,,,,,,,,,,,,,,,,,,,,,,,,,,,,,,,,,,,,,,,,,,,,,,,,,,,,,,,,,,,,,,,,,,,,,,,,,,,,,,,,,,,,,,,,,,,,,,,,,,,,,,,,,,,,,,,,,,,,,,,,,,,,,,,,,,,,,,,,,,,,,,,,,,,,,,,,,,,,,,,,,,,,,,,,,,,,,,,,,,,,,,,,,,,,,
182.5,207.5,25,25,FALSE,192.5,207.5,25,25,FALSE,192.5,207.5,25,25,FALSE,197.5,207.5,25,25,FALSE,197.5,207.5,25,25,FALSE,202.5,207.5,25,25,FALSE,207.5,207.5,25,25,FALSE,212.5,207.5,25,25,FALSE,217.5,207.5,25,25,FALSE,222.5,207.5,25,25,FALSE,222.5,207.5,25,25,FALSE,227.5,207.5,25,25,FALSE,232.5,207.5,25,25,FALSE,237.5,207.5,25,25,FALSE,242.5,207.5,25,25,FALSE,242.5,207.5,25,25,FALSE,247.5,207.5,25,25,FALSE,247.5,207.5,25,25,FALSE,247.5,207.5,25,25,FALSE,252.5,207.5,25,25,FALSE,252.5,207.5,25,25,FALSE,252.5,207.5,25,25,FALSE,262.5,207.5,25,25,FALSE,267.5,207.5,25,25,FALSE,272.5,207.5,25,25,FALSE,272.5,207.5,25,25,FALSE,282.5,207.5,25,25,FALSE,282.5,207.5,25,25,FALSE,282.5,207.5,25,25,FALSE,287.5,207.5,25,25,FALSE,287.5,207.5,25,25,FALSE,287.5,207.5,25,25,FALSE,297.5,207.5,25,25,FALSE,297.5,207.5,25,25,FALSE,297.5,207.5,25,25,FALSE,322.5,207.5,25,25,FALSE,322.5,207.5,25,25,FALSE,322.5,207.5,25,25,FALSE,327.5,207.5,25,25,FALSE,327.5,207.5,25,25,FALSE,332.5,207.5,25,25,FALSE,,,,,,,,,,,,,,,,,,,,,,,,,,,,,,,,,,,,,,,,,,,,,,,,,,,,,,,,,,,,,,,,,,,,,,,,,,,,,,,,,,,,,,,,,,,,,,,,,,,,,,,,,,,,,,,,,,,,,,,,,,,,,,,,,,,,,,,,,,,,,,,,,,,,,,,,,,,,,,,,,,,,,,,,,,,,,,,,,,,,,,,,,,,,,,,,,,,,,,,,,,,,,,,,,,,,,,,,,,,,,,,,,,,,,,,,,,,,,,,,,,,,,,,,,,,,,,,,,,,,,,,,,,,,,,,,,,,,,,,,,,,,,,,,,,,,,,,,,,,,,,,,,,,,,,,,,,,,,,,,,,,,,,,,,,,,,,,,,,,,,,,,,,,,,,,,,,,,,,,,,,,,,,,,,,
177.5,202.5,25,25,FALSE,202.5,202.5,25,25,FALSE,202.5,202.5,25,25,FALSE,202.5,202.5,25,25,FALSE,207.5,202.5,25,25,FALSE,207.5,202.5,25,25,FALSE,207.5,202.5,25,25,FALSE,212.5,202.5,25,25,FALSE,212.5,202.5,25,25,FALSE,212.5,202.5,25,25,FALSE,217.5,202.5,25,25,FALSE,217.5,202.5,25,25,FALSE,217.5,202.5,25,25,FALSE,227.5,202.5,25,25,FALSE,227.5,202.5,25,25,FALSE,227.5,202.5,25,25,FALSE,237.5,202.5,25,25,FALSE,237.5,202.5,25,25,FALSE,237.5,202.5,25,25,FALSE,247.5,202.5,25,25,FALSE,247.5,202.5,25,25,FALSE,247.5,202.5,25,25,FALSE,252.5,202.5,25,25,FALSE,252.5,202.5,25,25,FALSE,267.5,202.5,25,25,FALSE,267.5,202.5,25,25,FALSE,267.5,202.5,25,25,FALSE,277.5,202.5,25,25,FALSE,277.5,202.5,25,25,FALSE,287.5,202.5,25,25,FALSE,287.5,202.5,25,25,FALSE,292.5,202.5,25,25,FALSE,292.5,202.5,25,25,FALSE,297.5,202.5,25,25,FALSE,302.5,202.5,25,25,FALSE,317.5,202.5,25,25,FALSE,327.5,202.5,25,25,FALSE,327.5,202.5,25,25,FALSE,327.5,202.5,25,25,FALSE,,,,,,,,,,,,,,,,,,,,,,,,,,,,,,,,,,,,,,,,,,,,,,,,,,,,,,,,,,,,,,,,,,,,,,,,,,,,,,,,,,,,,,,,,,,,,,,,,,,,,,,,,,,,,,,,,,,,,,,,,,,,,,,,,,,,,,,,,,,,,,,,,,,,,,,,,,,,,,,,,,,,,,,,,,,,,,,,,,,,,,,,,,,,,,,,,,,,,,,,,,,,,,,,,,,,,,,,,,,,,,,,,,,,,,,,,,,,,,,,,,,,,,,,,,,,,,,,,,,,,,,,,,,,,,,,,,,,,,,,,,,,,,,,,,,,,,,,,,,,,,,,,,,,,,,,,,,,,,,,,,,,,,,,,,,,,,,,,,,,,,,,,,,,,,,,,,,,,,,,,,,,,,,,,,,,,,,,,,,,
172.5,197.5,25,25,FALSE,177.5,197.5,25,25,FALSE,182.5,197.5,25,25,FALSE,197.5,197.5,25,25,FALSE,207.5,197.5,25,25,FALSE,207.5,197.5,25,25,FALSE,207.5,197.5,25,25,FALSE,212.5,197.5,25,25,FALSE,212.5,197.5,25,25,FALSE,212.5,197.5,25,25,FALSE,217.5,197.5,25,25,FALSE,217.5,197.5,25,25,FALSE,222.5,197.5,25,25,FALSE,222.5,197.5,25,25,FALSE,227.5,197.5,25,25,FALSE,232.5,197.5,25,25,FALSE,232.5,197.5,25,25,FALSE,242.5,197.5,25,25,FALSE,242.5,197.5,25,25,FALSE,247.5,197.5,25,25,FALSE,247.5,197.5,25,25,FALSE,257.5,197.5,25,25,FALSE,262.5,197.5,25,25,FALSE,267.5,197.5,25,25,FALSE,272.5,197.5,25,25,FALSE,272.5,197.5,25,25,FALSE,277.5,197.5,25,25,FALSE,287.5,197.5,25,25,FALSE,287.5,197.5,25,25,FALSE,292.5,197.5,25,25,FALSE,292.5,197.5,25,25,FALSE,292.5,197.5,25,25,FALSE,302.5,197.5,25,25,FALSE,302.5,197.5,25,25,FALSE,307.5,197.5,25,25,FALSE,312.5,197.5,25,25,FALSE,317.5,197.5,25,25,FALSE,332.5,197.5,25,25,FALSE,,,,,,,,,,,,,,,,,,,,,,,,,,,,,,,,,,,,,,,,,,,,,,,,,,,,,,,,,,,,,,,,,,,,,,,,,,,,,,,,,,,,,,,,,,,,,,,,,,,,,,,,,,,,,,,,,,,,,,,,,,,,,,,,,,,,,,,,,,,,,,,,,,,,,,,,,,,,,,,,,,,,,,,,,,,,,,,,,,,,,,,,,,,,,,,,,,,,,,,,,,,,,,,,,,,,,,,,,,,,,,,,,,,,,,,,,,,,,,,,,,,,,,,,,,,,,,,,,,,,,,,,,,,,,,,,,,,,,,,,,,,,,,,,,,,,,,,,,,,,,,,,,,,,,,,,,,,,,,,,,,,,,,,,,,,,,,,,,,,,,,,,,,,,,,,,,,,,,,,,,,,,,,,,,,,,,,,,,,,,,,,,,
167.5,192.5,25,25,FALSE,172.5,192.5,25,25,FALSE,172.5,192.5,25,25,FALSE,182.5,192.5,25,25,FALSE,182.5,192.5,25,25,FALSE,187.5,192.5,25,25,FALSE,192.5,192.5,25,25,FALSE,197.5,192.5,25,25,FALSE,202.5,192.5,25,25,FALSE,202.5,192.5,25,25,FALSE,207.5,192.5,25,25,FALSE,207.5,192.5,25,25,FALSE,222.5,192.5,25,25,FALSE,222.5,192.5,25,25,FALSE,222.5,192.5,25,25,FALSE,237.5,192.5,25,25,FALSE,237.5,192.5,25,25,FALSE,242.5,192.5,25,25,FALSE,242.5,192.5,25,25,FALSE,247.5,192.5,25,25,FALSE,247.5,192.5,25,25,FALSE,257.5,192.5,25,25,FALSE,257.5,192.5,25,25,FALSE,262.5,192.5,25,25,FALSE,262.5,192.5,25,25,FALSE,262.5,192.5,25,25,FALSE,267.5,192.5,25,25,FALSE,267.5,192.5,25,25,FALSE,267.5,192.5,25,25,FALSE,272.5,192.5,25,25,FALSE,272.5,192.5,25,25,FALSE,272.5,192.5,25,25,FALSE,282.5,192.5,25,25,FALSE,282.5,192.5,25,25,FALSE,287.5,192.5,25,25,FALSE,287.5,192.5,25,25,FALSE,297.5,192.5,25,25,FALSE,297.5,192.5,25,25,FALSE,312.5,192.5,25,25,FALSE,312.5,192.5,25,25,FALSE,312.5,192.5,25,25,FALSE,317.5,192.5,25,25,FALSE,317.5,192.5,25,25,FALSE,327.5,192.5,25,25,FALSE,337.5,192.5,25,25,FALSE,,,,,,,,,,,,,,,,,,,,,,,,,,,,,,,,,,,,,,,,,,,,,,,,,,,,,,,,,,,,,,,,,,,,,,,,,,,,,,,,,,,,,,,,,,,,,,,,,,,,,,,,,,,,,,,,,,,,,,,,,,,,,,,,,,,,,,,,,,,,,,,,,,,,,,,,,,,,,,,,,,,,,,,,,,,,,,,,,,,,,,,,,,,,,,,,,,,,,,,,,,,,,,,,,,,,,,,,,,,,,,,,,,,,,,,,,,,,,,,,,,,,,,,,,,,,,,,,,,,,,,,,,,,,,,,,,,,,,,,,,,,,,,,,,,,,,,,,,,,,,,,,,,,,,,,,,,,,,,,,,,,,,,,,,,,,,,,,,,,,,,,,,,,,,,
162.5,187.5,25,25,FALSE,172.5,187.5,25,25,FALSE,172.5,187.5,25,25,FALSE,177.5,187.5,25,25,FALSE,177.5,187.5,25,25,FALSE,182.5,187.5,25,25,FALSE,182.5,187.5,25,25,FALSE,187.5,187.5,25,25,FALSE,187.5,187.5,25,25,FALSE,187.5,187.5,25,25,FALSE,192.5,187.5,25,25,FALSE,192.5,187.5,25,25,FALSE,192.5,187.5,25,25,FALSE,197.5,187.5,25,25,FALSE,197.5,187.5,25,25,FALSE,197.5,187.5,25,25,FALSE,202.5,187.5,25,25,FALSE,202.5,187.5,25,25,FALSE,202.5,187.5,25,25,FALSE,212.5,187.5,25,25,FALSE,217.5,187.5,25,25,FALSE,222.5,187.5,25,25,FALSE,227.5,187.5,25,25,FALSE,232.5,187.5,25,25,FALSE,237.5,187.5,25,25,FALSE,237.5,187.5,25,25,FALSE,247.5,187.5,25,25,FALSE,247.5,187.5,25,25,FALSE,252.5,187.5,25,25,FALSE,252.5,187.5,25,25,FALSE,257.5,187.5,25,25,FALSE,257.5,187.5,25,25,FALSE,262.5,187.5,25,25,FALSE,262.5,187.5,25,25,FALSE,262.5,187.5,25,25,FALSE,267.5,187.5,25,25,FALSE,267.5,187.5,25,25,FALSE,267.5,187.5,25,25,FALSE,272.5,187.5,25,25,FALSE,272.5,187.5,25,25,FALSE,277.5,187.5,25,25,FALSE,277.5,187.5,25,25,FALSE,292.5,187.5,25,25,FALSE,292.5,187.5,25,25,FALSE,302.5,187.5,25,25,FALSE,307.5,187.5,25,25,FALSE,312.5,187.5,25,25,FALSE,312.5,187.5,25,25,FALSE,317.5,187.5,25,25,FALSE,317.5,187.5,25,25,FALSE,327.5,187.5,25,25,FALSE,337.5,187.5,25,25,FALSE,342.5,187.5,25,25,FALSE,,,,,,,,,,,,,,,,,,,,,,,,,,,,,,,,,,,,,,,,,,,,,,,,,,,,,,,,,,,,,,,,,,,,,,,,,,,,,,,,,,,,,,,,,,,,,,,,,,,,,,,,,,,,,,,,,,,,,,,,,,,,,,,,,,,,,,,,,,,,,,,,,,,,,,,,,,,,,,,,,,,,,,,,,,,,,,,,,,,,,,,,,,,,,,,,,,,,,,,,,,,,,,,,,,,,,,,,,,,,,,,,,,,,,,,,,,,,,,,,,,,,,,,,,,,,,,,,,,,,,,,,,,,,,,,,,,,,,,,,,,,,,,,,,,,,,,,,,,,,,,,,,,,,,,
162.5,182.5,25,25,FALSE,172.5,182.5,25,25,FALSE,172.5,182.5,25,25,FALSE,182.5,182.5,25,25,FALSE,182.5,182.5,25,25,FALSE,182.5,182.5,25,25,FALSE,197.5,182.5,25,25,FALSE,197.5,182.5,25,25,FALSE,197.5,182.5,25,25,FALSE,202.5,182.5,25,25,FALSE,202.5,182.5,25,25,FALSE,217.5,182.5,25,25,FALSE,217.5,182.5,25,25,FALSE,217.5,182.5,25,25,FALSE,227.5,182.5,25,25,FALSE,227.5,182.5,25,25,FALSE,227.5,182.5,25,25,FALSE,232.5,182.5,25,25,FALSE,232.5,182.5,25,25,FALSE,232.5,182.5,25,25,FALSE,237.5,182.5,25,25,FALSE,237.5,182.5,25,25,FALSE,242.5,182.5,25,25,FALSE,242.5,182.5,25,25,FALSE,252.5,182.5,25,25,FALSE,252.5,182.5,25,25,FALSE,252.5,182.5,25,25,FALSE,257.5,182.5,25,25,FALSE,257.5,182.5,25,25,FALSE,257.5,182.5,25,25,FALSE,267.5,182.5,25,25,FALSE,267.5,182.5,25,25,FALSE,267.5,182.5,25,25,FALSE,277.5,182.5,25,25,FALSE,277.5,182.5,25,25,FALSE,287.5,182.5,25,25,FALSE,292.5,182.5,25,25,FALSE,297.5,182.5,25,25,FALSE,297.5,182.5,25,25,FALSE,302.5,182.5,25,25,FALSE,302.5,182.5,25,25,FALSE,307.5,182.5,25,25,FALSE,307.5,182.5,25,25,FALSE,307.5,182.5,25,25,FALSE,322.5,182.5,25,25,FALSE,322.5,182.5,25,25,FALSE,327.5,182.5,25,25,FALSE,,,,,,,,,,,,,,,,,,,,,,,,,,,,,,,,,,,,,,,,,,,,,,,,,,,,,,,,,,,,,,,,,,,,,,,,,,,,,,,,,,,,,,,,,,,,,,,,,,,,,,,,,,,,,,,,,,,,,,,,,,,,,,,,,,,,,,,,,,,,,,,,,,,,,,,,,,,,,,,,,,,,,,,,,,,,,,,,,,,,,,,,,,,,,,,,,,,,,,,,,,,,,,,,,,,,,,,,,,,,,,,,,,,,,,,,,,,,,,,,,,,,,,,,,,,,,,,,,,,,,,,,,,,,,,,,,,,,,,,,,,,,,,,,,,,,,,,,,,,,,,,,,,,,,,,,,,,,,,,,,,,,,,,,,,,,,,,,,,,,
157.5,177.5,25,25,FALSE,162.5,177.5,25,25,FALSE,177.5,177.5,25,25,FALSE,177.5,177.5,25,25,FALSE,187.5,177.5,25,25,FALSE,192.5,177.5,25,25,FALSE,197.5,177.5,25,25,FALSE,197.5,177.5,25,25,FALSE,202.5,177.5,25,25,FALSE,202.5,177.5,25,25,FALSE,207.5,177.5,25,25,FALSE,217.5,177.5,25,25,FALSE,222.5,177.5,25,25,FALSE,222.5,177.5,25,25,FALSE,242.5,177.5,25,25,FALSE,242.5,177.5,25,25,FALSE,247.5,177.5,25,25,FALSE,247.5,177.5,25,25,FALSE,252.5,177.5,25,25,FALSE,252.5,177.5,25,25,FALSE,257.5,177.5,25,25,FALSE,257.5,177.5,25,25,FALSE,262.5,177.5,25,25,FALSE,262.5,177.5,25,25,FALSE,267.5,177.5,25,25,FALSE,272.5,177.5,25,25,FALSE,272.5,177.5,25,25,FALSE,282.5,177.5,25,25,FALSE,282.5,177.5,25,25,FALSE,287.5,177.5,25,25,FALSE,287.5,177.5,25,25,FALSE,302.5,177.5,25,25,FALSE,302.5,177.5,25,25,FALSE,302.5,177.5,25,25,FALSE,307.5,177.5,25,25,FALSE,307.5,177.5,25,25,FALSE,317.5,177.5,25,25,FALSE,322.5,177.5,25,25,FALSE,322.5,177.5,25,25,FALSE,327.5,177.5,25,25,FALSE,327.5,177.5,25,25,FALSE,,,,,,,,,,,,,,,,,,,,,,,,,,,,,,,,,,,,,,,,,,,,,,,,,,,,,,,,,,,,,,,,,,,,,,,,,,,,,,,,,,,,,,,,,,,,,,,,,,,,,,,,,,,,,,,,,,,,,,,,,,,,,,,,,,,,,,,,,,,,,,,,,,,,,,,,,,,,,,,,,,,,,,,,,,,,,,,,,,,,,,,,,,,,,,,,,,,,,,,,,,,,,,,,,,,,,,,,,,,,,,,,,,,,,,,,,,,,,,,,,,,,,,,,,,,,,,,,,,,,,,,,,,,,,,,,,,,,,,,,,,,,,,,,,,,,,,,,,,,,,,,,,,,,,,,,,,,,,,,,,,,,,,,,,,,,,,,,,,,,,,,,,,,,,,,,,,,,,,,,,,,,,,,,,,
157.5,172.5,25,25,FALSE,157.5,172.5,25,25,FALSE,162.5,172.5,25,25,FALSE,162.5,172.5,25,25,FALSE,172.5,172.5,25,25,FALSE,177.5,172.5,25,25,FALSE,182.5,172.5,25,25,FALSE,182.5,172.5,25,25,FALSE,187.5,172.5,25,25,FALSE,187.5,172.5,25,25,FALSE,192.5,172.5,25,25,FALSE,192.5,172.5,25,25,FALSE,192.5,172.5,25,25,FALSE,197.5,172.5,25,25,FALSE,197.5,172.5,25,25,FALSE,197.5,172.5,25,25,FALSE,202.5,172.5,25,25,FALSE,202.5,172.5,25,25,FALSE,202.5,172.5,25,25,FALSE,207.5,172.5,25,25,FALSE,207.5,172.5,25,25,FALSE,222.5,172.5,25,25,FALSE,222.5,172.5,25,25,FALSE,227.5,172.5,25,25,FALSE,237.5,172.5,25,25,FALSE,242.5,172.5,25,25,FALSE,242.5,172.5,25,25,FALSE,247.5,172.5,25,25,FALSE,247.5,172.5,25,25,FALSE,247.5,172.5,25,25,FALSE,262.5,172.5,25,25,FALSE,262.5,172.5,25,25,FALSE,262.5,172.5,25,25,FALSE,277.5,172.5,25,25,FALSE,277.5,172.5,25,25,FALSE,282.5,172.5,25,25,FALSE,282.5,172.5,25,25,FALSE,287.5,172.5,25,25,FALSE,287.5,172.5,25,25,FALSE,292.5,172.5,25,25,FALSE,297.5,172.5,25,25,FALSE,302.5,172.5,25,25,FALSE,302.5,172.5,25,25,FALSE,307.5,172.5,25,25,FALSE,307.5,172.5,25,25,FALSE,312.5,172.5,25,25,FALSE,312.5,172.5,25,25,FALSE,322.5,172.5,25,25,FALSE,322.5,172.5,25,25,FALSE,322.5,172.5,25,25,FALSE,327.5,172.5,25,25,FALSE,327.5,172.5,25,25,FALSE,,,,,,,,,,,,,,,,,,,,,,,,,,,,,,,,,,,,,,,,,,,,,,,,,,,,,,,,,,,,,,,,,,,,,,,,,,,,,,,,,,,,,,,,,,,,,,,,,,,,,,,,,,,,,,,,,,,,,,,,,,,,,,,,,,,,,,,,,,,,,,,,,,,,,,,,,,,,,,,,,,,,,,,,,,,,,,,,,,,,,,,,,,,,,,,,,,,,,,,,,,,,,,,,,,,,,,,,,,,,,,,,,,,,,,,,,,,,,,,,,,,,,,,,,,,,,,,,,,,,,,,,,,,,,,,,,,,,,,,,,,,,,,,,,,,,,,,,,,,,,,,,,,,,,,,,,,,
152.5,167.5,25,25,FALSE,157.5,167.5,25,25,FALSE,157.5,167.5,25,25,FALSE,162.5,167.5,25,25,FALSE,162.5,167.5,25,25,FALSE,167.5,167.5,25,25,FALSE,167.5,167.5,25,25,FALSE,172.5,167.5,25,25,FALSE,172.5,167.5,25,25,FALSE,177.5,167.5,25,25,FALSE,177.5,167.5,25,25,FALSE,177.5,167.5,25,25,FALSE,182.5,167.5,25,25,FALSE,182.5,167.5,25,25,FALSE,182.5,167.5,25,25,FALSE,192.5,167.5,25,25,FALSE,192.5,167.5,25,25,FALSE,192.5,167.5,25,25,FALSE,197.5,167.5,25,25,FALSE,197.5,167.5,25,25,FALSE,197.5,167.5,25,25,FALSE,207.5,167.5,25,25,FALSE,207.5,167.5,25,25,FALSE,212.5,167.5,25,25,FALSE,217.5,167.5,25,25,FALSE,232.5,167.5,25,25,FALSE,232.5,167.5,25,25,FALSE,242.5,167.5,25,25,FALSE,242.5,167.5,25,25,FALSE,242.5,167.5,25,25,FALSE,247.5,167.5,25,25,FALSE,247.5,167.5,25,25,FALSE,252.5,167.5,25,25,FALSE,257.5,167.5,25,25,FALSE,262.5,167.5,25,25,FALSE,267.5,167.5,25,25,FALSE,272.5,167.5,25,25,FALSE,277.5,167.5,25,25,FALSE,277.5,167.5,25,25,FALSE,297.5,167.5,25,25,FALSE,297.5,167.5,25,25,FALSE,297.5,167.5,25,25,FALSE,302.5,167.5,25,25,FALSE,302.5,167.5,25,25,FALSE,302.5,167.5,25,25,FALSE,307.5,167.5,25,25,FALSE,307.5,167.5,25,25,FALSE,307.5,167.5,25,25,FALSE,312.5,167.5,25,25,FALSE,312.5,167.5,25,25,FALSE,317.5,167.5,25,25,FALSE,317.5,167.5,25,25,FALSE,322.5,167.5,25,25,FALSE,322.5,167.5,25,25,FALSE,,,,,,,,,,,,,,,,,,,,,,,,,,,,,,,,,,,,,,,,,,,,,,,,,,,,,,,,,,,,,,,,,,,,,,,,,,,,,,,,,,,,,,,,,,,,,,,,,,,,,,,,,,,,,,,,,,,,,,,,,,,,,,,,,,,,,,,,,,,,,,,,,,,,,,,,,,,,,,,,,,,,,,,,,,,,,,,,,,,,,,,,,,,,,,,,,,,,,,,,,,,,,,,,,,,,,,,,,,,,,,,,,,,,,,,,,,,,,,,,,,,,,,,,,,,,,,,,,,,,,,,,,,,,,,,,,,,,,,,,,,,,,,,,,,,,,,,,,,,,,,,,,
147.5,162.5,25,25,FALSE,157.5,162.5,25,25,FALSE,157.5,162.5,25,25,FALSE,157.5,162.5,25,25,FALSE,162.5,162.5,25,25,FALSE,162.5,162.5,25,25,FALSE,162.5,162.5,25,25,FALSE,167.5,162.5,25,25,FALSE,167.5,162.5,25,25,FALSE,167.5,162.5,25,25,FALSE,177.5,162.5,25,25,FALSE,177.5,162.5,25,25,FALSE,177.5,162.5,25,25,FALSE,182.5,162.5,25,25,FALSE,182.5,162.5,25,25,FALSE,187.5,162.5,25,25,FALSE,187.5,162.5,25,25,FALSE,192.5,162.5,25,25,FALSE,192.5,162.5,25,25,FALSE,197.5,162.5,25,25,FALSE,197.5,162.5,25,25,FALSE,207.5,162.5,25,25,FALSE,207.5,162.5,25,25,FALSE,212.5,162.5,25,25,FALSE,212.5,162.5,25,25,FALSE,212.5,162.5,25,25,FALSE,217.5,162.5,25,25,FALSE,217.5,162.5,25,25,FALSE,227.5,162.5,25,25,FALSE,232.5,162.5,25,25,FALSE,237.5,162.5,25,25,FALSE,237.5,162.5,25,25,FALSE,242.5,162.5,25,25,FALSE,242.5,162.5,25,25,FALSE,247.5,162.5,25,25,FALSE,247.5,162.5,25,25,FALSE,247.5,162.5,25,25,FALSE,262.5,162.5,25,25,FALSE,262.5,162.5,25,25,FALSE,262.5,162.5,25,25,FALSE,267.5,162.5,25,25,FALSE,267.5,162.5,25,25,FALSE,267.5,162.5,25,25,FALSE,272.5,162.5,25,25,FALSE,272.5,162.5,25,25,FALSE,272.5,162.5,25,25,FALSE,277.5,162.5,25,25,FALSE,277.5,162.5,25,25,FALSE,292.5,162.5,25,25,FALSE,302.5,162.5,25,25,FALSE,302.5,162.5,25,25,FALSE,302.5,162.5,25,25,FALSE,307.5,162.5,25,25,FALSE,307.5,162.5,25,25,FALSE,307.5,162.5,25,25,FALSE,317.5,162.5,25,25,FALSE,317.5,162.5,25,25,FALSE,317.5,162.5,25,25,FALSE,322.5,162.5,25,25,FALSE,322.5,162.5,25,25,FALSE,,,,,,,,,,,,,,,,,,,,,,,,,,,,,,,,,,,,,,,,,,,,,,,,,,,,,,,,,,,,,,,,,,,,,,,,,,,,,,,,,,,,,,,,,,,,,,,,,,,,,,,,,,,,,,,,,,,,,,,,,,,,,,,,,,,,,,,,,,,,,,,,,,,,,,,,,,,,,,,,,,,,,,,,,,,,,,,,,,,,,,,,,,,,,,,,,,,,,,,,,,,,,,,,,,,,,,,,,,,,,,,,,,,,,,,,,,,,,,,,,,,,,,,,,,,,,,,,,,,,,,,,,,,,,,,,,,,
147.5,157.5,25,25,FALSE,152.5,157.5,25,25,FALSE,152.5,157.5,25,25,FALSE,162.5,157.5,25,25,FALSE,162.5,157.5,25,25,FALSE,162.5,157.5,25,25,FALSE,167.5,157.5,25,25,FALSE,167.5,157.5,25,25,FALSE,172.5,157.5,25,25,FALSE,172.5,157.5,25,25,FALSE,177.5,157.5,25,25,FALSE,177.5,157.5,25,25,FALSE,187.5,157.5,25,25,FALSE,187.5,157.5,25,25,FALSE,187.5,157.5,25,25,FALSE,192.5,157.5,25,25,FALSE,192.5,157.5,25,25,FALSE,192.5,157.5,25,25,FALSE,197.5,157.5,25,25,FALSE,197.5,157.5,25,25,FALSE,207.5,157.5,25,25,FALSE,207.5,157.5,25,25,FALSE,217.5,157.5,25,25,FALSE,217.5,157.5,25,25,FALSE,222.5,157.5,25,25,FALSE,222.5,157.5,25,25,FALSE,227.5,157.5,25,25,FALSE,227.5,157.5,25,25,FALSE,232.5,157.5,25,25,FALSE,232.5,157.5,25,25,FALSE,232.5,157.5,25,25,FALSE,237.5,157.5,25,25,FALSE,237.5,157.5,25,25,FALSE,237.5,157.5,25,25,FALSE,242.5,157.5,25,25,FALSE,242.5,157.5,25,25,FALSE,242.5,157.5,25,25,FALSE,247.5,157.5,25,25,FALSE,247.5,157.5,25,25,FALSE,252.5,157.5,25,25,FALSE,257.5,157.5,25,25,FALSE,262.5,157.5,25,25,FALSE,262.5,157.5,25,25,FALSE,267.5,157.5,25,25,FALSE,267.5,157.5,25,25,FALSE,267.5,157.5,25,25,FALSE,272.5,157.5,25,25,FALSE,272.5,157.5,25,25,FALSE,272.5,157.5,25,25,FALSE,287.5,157.5,25,25,FALSE,292.5,157.5,25,25,FALSE,297.5,157.5,25,25,FALSE,297.5,157.5,25,25,FALSE,302.5,157.5,25,25,FALSE,302.5,157.5,25,25,FALSE,307.5,157.5,25,25,FALSE,307.5,157.5,25,25,FALSE,317.5,157.5,25,25,FALSE,317.5,157.5,25,25,FALSE,327.5,157.5,25,25,FALSE,,,,,,,,,,,,,,,,,,,,,,,,,,,,,,,,,,,,,,,,,,,,,,,,,,,,,,,,,,,,,,,,,,,,,,,,,,,,,,,,,,,,,,,,,,,,,,,,,,,,,,,,,,,,,,,,,,,,,,,,,,,,,,,,,,,,,,,,,,,,,,,,,,,,,,,,,,,,,,,,,,,,,,,,,,,,,,,,,,,,,,,,,,,,,,,,,,,,,,,,,,,,,,,,,,,,,,,,,,,,,,,,,,,,,,,,,,,,,,,,,,,,,,,,,,,,,,,,,,,,,,,,,,,,,,,,,,,
147.5,152.5,25,25,FALSE,147.5,152.5,25,25,FALSE,152.5,152.5,25,25,FALSE,152.5,152.5,25,25,FALSE,157.5,152.5,25,25,FALSE,157.5,152.5,25,25,FALSE,167.5,152.5,25,25,FALSE,167.5,152.5,25,25,FALSE,167.5,152.5,25,25,FALSE,172.5,152.5,25,25,FALSE,172.5,152.5,25,25,FALSE,172.5,152.5,25,25,FALSE,177.5,152.5,25,25,FALSE,177.5,152.5,25,25,FALSE,187.5,152.5,25,25,FALSE,187.5,152.5,25,25,FALSE,197.5,152.5,25,25,FALSE,197.5,152.5,25,25,FALSE,202.5,152.5,25,25,FALSE,202.5,152.5,25,25,FALSE,207.5,152.5,25,25,FALSE,212.5,152.5,25,25,FALSE,212.5,152.5,25,25,FALSE,222.5,152.5,25,25,FALSE,222.5,152.5,25,25,FALSE,222.5,152.5,25,25,FALSE,227.5,152.5,25,25,FALSE,227.5,152.5,25,25,FALSE,227.5,152.5,25,25,FALSE,237.5,152.5,25,25,FALSE,237.5,152.5,25,25,FALSE,237.5,152.5,25,25,FALSE,242.5,152.5,25,25,FALSE,242.5,152.5,25,25,FALSE,242.5,152.5,25,25,FALSE,252.5,152.5,25,25,FALSE,252.5,152.5,25,25,FALSE,252.5,152.5,25,25,FALSE,257.5,152.5,25,25,FALSE,257.5,152.5,25,25,FALSE,257.5,152.5,25,25,FALSE,267.5,152.5,25,25,FALSE,267.5,152.5,25,25,FALSE,267.5,152.5,25,25,FALSE,272.5,152.5,25,25,FALSE,272.5,152.5,25,25,FALSE,277.5,152.5,25,25,FALSE,292.5,152.5,25,25,FALSE,292.5,152.5,25,25,FALSE,292.5,152.5,25,25,FALSE,297.5,152.5,25,25,FALSE,297.5,152.5,25,25,FALSE,297.5,152.5,25,25,FALSE,307.5,152.5,25,25,FALSE,307.5,152.5,25,25,FALSE,312.5,152.5,25,25,FALSE,312.5,152.5,25,25,FALSE,317.5,152.5,25,25,FALSE,322.5,152.5,25,25,FALSE,322.5,152.5,25,25,FALSE,332.5,152.5,25,25,FALSE,,,,,,,,,,,,,,,,,,,,,,,,,,,,,,,,,,,,,,,,,,,,,,,,,,,,,,,,,,,,,,,,,,,,,,,,,,,,,,,,,,,,,,,,,,,,,,,,,,,,,,,,,,,,,,,,,,,,,,,,,,,,,,,,,,,,,,,,,,,,,,,,,,,,,,,,,,,,,,,,,,,,,,,,,,,,,,,,,,,,,,,,,,,,,,,,,,,,,,,,,,,,,,,,,,,,,,,,,,,,,,,,,,,,,,,,,,,,,,,,,,,,,,,,,,,,,,,,,,,,,,,,,,,,,,
142.5,147.5,25,25,FALSE,147.5,147.5,25,25,FALSE,147.5,147.5,25,25,FALSE,157.5,147.5,25,25,FALSE,157.5,147.5,25,25,FALSE,162.5,147.5,25,25,FALSE,162.5,147.5,25,25,FALSE,172.5,147.5,25,25,FALSE,172.5,147.5,25,25,FALSE,172.5,147.5,25,25,FALSE,182.5,147.5,25,25,FALSE,182.5,147.5,25,25,FALSE,187.5,147.5,25,25,FALSE,192.5,147.5,25,25,FALSE,192.5,147.5,25,25,FALSE,197.5,147.5,25,25,FALSE,197.5,147.5,25,25,FALSE,202.5,147.5,25,25,FALSE,202.5,147.5,25,25,FALSE,202.5,147.5,25,25,FALSE,207.5,147.5,25,25,FALSE,207.5,147.5,25,25,FALSE,207.5,147.5,25,25,FALSE,212.5,147.5,25,25,FALSE,212.5,147.5,25,25,FALSE,217.5,147.5,25,25,FALSE,217.5,147.5,25,25,FALSE,227.5,147.5,25,25,FALSE,227.5,147.5,25,25,FALSE,232.5,147.5,25,25,FALSE,232.5,147.5,25,25,FALSE,237.5,147.5,25,25,FALSE,237.5,147.5,25,25,FALSE,247.5,147.5,25,25,FALSE,247.5,147.5,25,25,FALSE,262.5,147.5,25,25,FALSE,262.5,147.5,25,25,FALSE,267.5,147.5,25,25,FALSE,267.5,147.5,25,25,FALSE,277.5,147.5,25,25,FALSE,277.5,147.5,25,25,FALSE,282.5,147.5,25,25,FALSE,297.5,147.5,25,25,FALSE,297.5,147.5,25,25,FALSE,302.5,147.5,25,25,FALSE,302.5,147.5,25,25,FALSE,312.5,147.5,25,25,FALSE,312.5,147.5,25,25,FALSE,312.5,147.5,25,25,FALSE,327.5,147.5,25,25,FALSE,327.5,147.5,25,25,FALSE,332.5,147.5,25,25,FALSE,337.5,147.5,25,25,FALSE,,,,,,,,,,,,,,,,,,,,,,,,,,,,,,,,,,,,,,,,,,,,,,,,,,,,,,,,,,,,,,,,,,,,,,,,,,,,,,,,,,,,,,,,,,,,,,,,,,,,,,,,,,,,,,,,,,,,,,,,,,,,,,,,,,,,,,,,,,,,,,,,,,,,,,,,,,,,,,,,,,,,,,,,,,,,,,,,,,,,,,,,,,,,,,,,,,,,,,,,,,,,,,,,,,,,,,,,,,,,,,,,,,,,,,,,,,,,,,,,,,,,,,,,,,,,,,,,,,,,,,,,,,,,,,,,,,,,,,,,,,,,,,,,,,,,,,,,,,,,,,,,,,,,,,
137.5,142.5,25,25,FALSE,142.5,142.5,25,25,FALSE,142.5,142.5,25,25,FALSE,147.5,142.5,25,25,FALSE,147.5,142.5,25,25,FALSE,157.5,142.5,25,25,FALSE,157.5,142.5,25,25,FALSE,162.5,142.5,25,25,FALSE,162.5,142.5,25,25,FALSE,167.5,142.5,25,25,FALSE,167.5,142.5,25,25,FALSE,177.5,142.5,25,25,FALSE,177.5,142.5,25,25,FALSE,187.5,142.5,25,25,FALSE,187.5,142.5,25,25,FALSE,187.5,142.5,25,25,FALSE,197.5,142.5,25,25,FALSE,197.5,142.5,25,25,FALSE,197.5,142.5,25,25,FALSE,202.5,142.5,25,25,FALSE,202.5,142.5,25,25,FALSE,202.5,142.5,25,25,FALSE,207.5,142.5,25,25,FALSE,207.5,142.5,25,25,FALSE,207.5,142.5,25,25,FALSE,217.5,142.5,25,25,FALSE,217.5,142.5,25,25,FALSE,222.5,142.5,25,25,FALSE,222.5,142.5,25,25,FALSE,227.5,142.5,25,25,FALSE,227.5,142.5,25,25,FALSE,232.5,142.5,25,25,FALSE,232.5,142.5,25,25,FALSE,232.5,142.5,25,25,FALSE,237.5,142.5,25,25,FALSE,237.5,142.5,25,25,FALSE,242.5,142.5,25,25,FALSE,242.5,142.5,25,25,FALSE,247.5,142.5,25,25,FALSE,252.5,142.5,25,25,FALSE,257.5,142.5,25,25,FALSE,262.5,142.5,25,25,FALSE,262.5,142.5,25,25,FALSE,272.5,142.5,25,25,FALSE,272.5,142.5,25,25,FALSE,287.5,142.5,25,25,FALSE,292.5,142.5,25,25,FALSE,297.5,142.5,25,25,FALSE,297.5,142.5,25,25,FALSE,302.5,142.5,25,25,FALSE,302.5,142.5,25,25,FALSE,307.5,142.5,25,25,FALSE,307.5,142.5,25,25,FALSE,312.5,142.5,25,25,FALSE,317.5,142.5,25,25,FALSE,327.5,142.5,25,25,FALSE,327.5,142.5,25,25,FALSE,332.5,142.5,25,25,FALSE,332.5,142.5,25,25,FALSE,332.5,142.5,25,25,FALSE,342.5,142.5,25,25,FALSE,,,,,,,,,,,,,,,,,,,,,,,,,,,,,,,,,,,,,,,,,,,,,,,,,,,,,,,,,,,,,,,,,,,,,,,,,,,,,,,,,,,,,,,,,,,,,,,,,,,,,,,,,,,,,,,,,,,,,,,,,,,,,,,,,,,,,,,,,,,,,,,,,,,,,,,,,,,,,,,,,,,,,,,,,,,,,,,,,,,,,,,,,,,,,,,,,,,,,,,,,,,,,,,,,,,,,,,,,,,,,,,,,,,,,,,,,,,,,,,,,,,,,,,,,,,,,,,,,,,,,,,,,,,,,,
132.5,137.5,25,25,FALSE,137.5,137.5,25,25,FALSE,137.5,137.5,25,25,FALSE,142.5,137.5,25,25,FALSE,142.5,137.5,25,25,FALSE,142.5,137.5,25,25,FALSE,152.5,137.5,25,25,FALSE,152.5,137.5,25,25,FALSE,162.5,137.5,25,25,FALSE,162.5,137.5,25,25,FALSE,162.5,137.5,25,25,FALSE,167.5,137.5,25,25,FALSE,167.5,137.5,25,25,FALSE,172.5,137.5,25,25,FALSE,172.5,137.5,25,25,FALSE,182.5,137.5,25,25,FALSE,182.5,137.5,25,25,FALSE,187.5,137.5,25,25,FALSE,192.5,137.5,25,25,FALSE,192.5,137.5,25,25,FALSE,197.5,137.5,25,25,FALSE,197.5,137.5,25,25,FALSE,207.5,137.5,25,25,FALSE,207.5,137.5,25,25,FALSE,222.5,137.5,25,25,FALSE,222.5,137.5,25,25,FALSE,222.5,137.5,25,25,FALSE,227.5,137.5,25,25,FALSE,227.5,137.5,25,25,FALSE,227.5,137.5,25,25,FALSE,232.5,137.5,25,25,FALSE,232.5,137.5,25,25,FALSE,232.5,137.5,25,25,FALSE,252.5,137.5,25,25,FALSE,252.5,137.5,25,25,FALSE,252.5,137.5,25,25,FALSE,257.5,137.5,25,25,FALSE,257.5,137.5,25,25,FALSE,257.5,137.5,25,25,FALSE,262.5,137.5,25,25,FALSE,262.5,137.5,25,25,FALSE,267.5,137.5,25,25,FALSE,267.5,137.5,25,25,FALSE,272.5,137.5,25,25,FALSE,277.5,137.5,25,25,FALSE,287.5,137.5,25,25,FALSE,287.5,137.5,25,25,FALSE,292.5,137.5,25,25,FALSE,292.5,137.5,25,25,FALSE,292.5,137.5,25,25,FALSE,302.5,137.5,25,25,FALSE,302.5,137.5,25,25,FALSE,302.5,137.5,25,25,FALSE,307.5,137.5,25,25,FALSE,307.5,137.5,25,25,FALSE,307.5,137.5,25,25,FALSE,312.5,137.5,25,25,FALSE,312.5,137.5,25,25,FALSE,312.5,137.5,25,25,FALSE,317.5,137.5,25,25,FALSE,317.5,137.5,25,25,FALSE,322.5,137.5,25,25,FALSE,322.5,137.5,25,25,FALSE,327.5,137.5,25,25,FALSE,327.5,137.5,25,25,FALSE,332.5,137.5,25,25,FALSE,332.5,137.5,25,25,FALSE,337.5,137.5,25,25,FALSE,337.5,137.5,25,25,FALSE,342.5,137.5,25,25,FALSE,347.5,137.5,25,25,FALSE,,,,,,,,,,,,,,,,,,,,,,,,,,,,,,,,,,,,,,,,,,,,,,,,,,,,,,,,,,,,,,,,,,,,,,,,,,,,,,,,,,,,,,,,,,,,,,,,,,,,,,,,,,,,,,,,,,,,,,,,,,,,,,,,,,,,,,,,,,,,,,,,,,,,,,,,,,,,,,,,,,,,,,,,,,,,,,,,,,,,,,,,,,,,,,,,,,,,,,,,,,,,,,,,,,,,,,,,,,,,
127.5,132.5,25,25,FALSE,132.5,132.5,25,25,FALSE,132.5,132.5,25,25,FALSE,137.5,132.5,25,25,FALSE,137.5,132.5,25,25,FALSE,137.5,132.5,25,25,FALSE,142.5,132.5,25,25,FALSE,142.5,132.5,25,25,FALSE,152.5,132.5,25,25,FALSE,157.5,132.5,25,25,FALSE,157.5,132.5,25,25,FALSE,167.5,132.5,25,25,FALSE,167.5,132.5,25,25,FALSE,167.5,132.5,25,25,FALSE,172.5,132.5,25,25,FALSE,172.5,132.5,25,25,FALSE,177.5,132.5,25,25,FALSE,177.5,132.5,25,25,FALSE,187.5,132.5,25,25,FALSE,187.5,132.5,25,25,FALSE,187.5,132.5,25,25,FALSE,192.5,132.5,25,25,FALSE,192.5,132.5,25,25,FALSE,192.5,132.5,25,25,FALSE,207.5,132.5,25,25,FALSE,212.5,132.5,25,25,FALSE,217.5,132.5,25,25,FALSE,222.5,132.5,25,25,FALSE,222.5,132.5,25,25,FALSE,227.5,132.5,25,25,FALSE,227.5,132.5,25,25,FALSE,227.5,132.5,25,25,FALSE,232.5,132.5,25,25,FALSE,232.5,132.5,25,25,FALSE,237.5,132.5,25,25,FALSE,247.5,132.5,25,25,FALSE,252.5,132.5,25,25,FALSE,252.5,132.5,25,25,FALSE,257.5,132.5,25,25,FALSE,257.5,132.5,25,25,FALSE,257.5,132.5,25,25,FALSE,272.5,132.5,25,25,FALSE,272.5,132.5,25,25,FALSE,272.5,132.5,25,25,FALSE,277.5,132.5,25,25,FALSE,277.5,132.5,25,25,FALSE,292.5,132.5,25,25,FALSE,292.5,132.5,25,25,FALSE,297.5,132.5,25,25,FALSE,297.5,132.5,25,25,FALSE,302.5,132.5,25,25,FALSE,302.5,132.5,25,25,FALSE,307.5,132.5,25,25,FALSE,307.5,132.5,25,25,FALSE,307.5,132.5,25,25,FALSE,312.5,132.5,25,25,FALSE,312.5,132.5,25,25,FALSE,312.5,132.5,25,25,FALSE,317.5,132.5,25,25,FALSE,317.5,132.5,25,25,FALSE,317.5,132.5,25,25,FALSE,322.5,132.5,25,25,FALSE,322.5,132.5,25,25,FALSE,322.5,132.5,25,25,FALSE,327.5,132.5,25,25,FALSE,327.5,132.5,25,25,FALSE,327.5,132.5,25,25,FALSE,332.5,132.5,25,25,FALSE,332.5,132.5,25,25,FALSE,332.5,132.5,25,25,FALSE,352.5,132.5,25,25,FALSE,,,,,,,,,,,,,,,,,,,,,,,,,,,,,,,,,,,,,,,,,,,,,,,,,,,,,,,,,,,,,,,,,,,,,,,,,,,,,,,,,,,,,,,,,,,,,,,,,,,,,,,,,,,,,,,,,,,,,,,,,,,,,,,,,,,,,,,,,,,,,,,,,,,,,,,,,,,,,,,,,,,,,,,,,,,,,,,,,,,,,,,,,,,,,,,,,,,,,,,,,,,,,,,,,,,,,,,,,,,,
122.5,127.5,25,25,FALSE,127.5,127.5,25,25,FALSE,127.5,127.5,25,25,FALSE,142.5,127.5,25,25,FALSE,142.5,127.5,25,25,FALSE,147.5,127.5,25,25,FALSE,147.5,127.5,25,25,FALSE,157.5,127.5,25,25,FALSE,157.5,127.5,25,25,FALSE,162.5,127.5,25,25,FALSE,162.5,127.5,25,25,FALSE,167.5,127.5,25,25,FALSE,167.5,127.5,25,25,FALSE,172.5,127.5,25,25,FALSE,172.5,127.5,25,25,FALSE,172.5,127.5,25,25,FALSE,182.5,127.5,25,25,FALSE,182.5,127.5,25,25,FALSE,187.5,127.5,25,25,FALSE,187.5,127.5,25,25,FALSE,202.5,127.5,25,25,FALSE,207.5,127.5,25,25,FALSE,207.5,127.5,25,25,FALSE,212.5,127.5,25,25,FALSE,212.5,127.5,25,25,FALSE,212.5,127.5,25,25,FALSE,222.5,127.5,25,25,FALSE,222.5,127.5,25,25,FALSE,222.5,127.5,25,25,FALSE,232.5,127.5,25,25,FALSE,232.5,127.5,25,25,FALSE,232.5,127.5,25,25,FALSE,237.5,127.5,25,25,FALSE,237.5,127.5,25,25,FALSE,242.5,127.5,25,25,FALSE,242.5,127.5,25,25,FALSE,247.5,127.5,25,25,FALSE,247.5,127.5,25,25,FALSE,252.5,127.5,25,25,FALSE,252.5,127.5,25,25,FALSE,252.5,127.5,25,25,FALSE,257.5,127.5,25,25,FALSE,257.5,127.5,25,25,FALSE,282.5,127.5,25,25,FALSE,297.5,127.5,25,25,FALSE,297.5,127.5,25,25,FALSE,297.5,127.5,25,25,FALSE,302.5,127.5,25,25,FALSE,302.5,127.5,25,25,FALSE,302.5,127.5,25,25,FALSE,307.5,127.5,25,25,FALSE,307.5,127.5,25,25,FALSE,307.5,127.5,25,25,FALSE,322.5,127.5,25,25,FALSE,322.5,127.5,25,25,FALSE,322.5,127.5,25,25,FALSE,327.5,127.5,25,25,FALSE,327.5,127.5,25,25,FALSE,327.5,127.5,25,25,FALSE,332.5,127.5,25,25,FALSE,332.5,127.5,25,25,FALSE,337.5,127.5,25,25,FALSE,347.5,127.5,25,25,FALSE,352.5,127.5,25,25,FALSE,,,,,,,,,,,,,,,,,,,,,,,,,,,,,,,,,,,,,,,,,,,,,,,,,,,,,,,,,,,,,,,,,,,,,,,,,,,,,,,,,,,,,,,,,,,,,,,,,,,,,,,,,,,,,,,,,,,,,,,,,,,,,,,,,,,,,,,,,,,,,,,,,,,,,,,,,,,,,,,,,,,,,,,,,,,,,,,,,,,,,,,,,,,,,,,,,,,,,,,,,,,,,,,,,,,,,,,,,,,,,,,,,,,,,,,,,,,,,,,,,,,,,,,,,,,,,,,
127.5,122.5,25,25,FALSE,127.5,122.5,25,25,FALSE,132.5,122.5,25,25,FALSE,137.5,122.5,25,25,FALSE,142.5,122.5,25,25,FALSE,142.5,122.5,25,25,FALSE,147.5,122.5,25,25,FALSE,147.5,122.5,25,25,FALSE,152.5,122.5,25,25,FALSE,152.5,122.5,25,25,FALSE,157.5,122.5,25,25,FALSE,157.5,122.5,25,25,FALSE,162.5,122.5,25,25,FALSE,162.5,122.5,25,25,FALSE,162.5,122.5,25,25,FALSE,172.5,122.5,25,25,FALSE,172.5,122.5,25,25,FALSE,177.5,122.5,25,25,FALSE,177.5,122.5,25,25,FALSE,187.5,122.5,25,25,FALSE,187.5,122.5,25,25,FALSE,192.5,122.5,25,25,FALSE,202.5,122.5,25,25,FALSE,202.5,122.5,25,25,FALSE,207.5,122.5,25,25,FALSE,207.5,122.5,25,25,FALSE,207.5,122.5,25,25,FALSE,212.5,122.5,25,25,FALSE,212.5,122.5,25,25,FALSE,227.5,122.5,25,25,FALSE,227.5,122.5,25,25,FALSE,232.5,122.5,25,25,FALSE,232.5,122.5,25,25,FALSE,237.5,122.5,25,25,FALSE,237.5,122.5,25,25,FALSE,237.5,122.5,25,25,FALSE,242.5,122.5,25,25,FALSE,242.5,122.5,25,25,FALSE,242.5,122.5,25,25,FALSE,247.5,122.5,25,25,FALSE,247.5,122.5,25,25,FALSE,247.5,122.5,25,25,FALSE,257.5,122.5,25,25,FALSE,257.5,122.5,25,25,FALSE,262.5,122.5,25,25,FALSE,277.5,122.5,25,25,FALSE,282.5,122.5,25,25,FALSE,287.5,122.5,25,25,FALSE,292.5,122.5,25,25,FALSE,302.5,122.5,25,25,FALSE,302.5,122.5,25,25,FALSE,302.5,122.5,25,25,FALSE,307.5,122.5,25,25,FALSE,307.5,122.5,25,25,FALSE,317.5,122.5,25,25,FALSE,327.5,122.5,25,25,FALSE,327.5,122.5,25,25,FALSE,327.5,122.5,25,25,FALSE,332.5,122.5,25,25,FALSE,332.5,122.5,25,25,FALSE,332.5,122.5,25,25,FALSE,337.5,122.5,25,25,FALSE,337.5,122.5,25,25,FALSE,347.5,122.5,25,25,FALSE,347.5,122.5,25,25,FALSE,352.5,122.5,25,25,FALSE,352.5,122.5,25,25,FALSE,357.5,122.5,25,25,FALSE,,,,,,,,,,,,,,,,,,,,,,,,,,,,,,,,,,,,,,,,,,,,,,,,,,,,,,,,,,,,,,,,,,,,,,,,,,,,,,,,,,,,,,,,,,,,,,,,,,,,,,,,,,,,,,,,,,,,,,,,,,,,,,,,,,,,,,,,,,,,,,,,,,,,,,,,,,,,,,,,,,,,,,,,,,,,,,,,,,,,,,,,,,,,,,,,,,,,,,,,,,,,,,,,,,,,,,,,,,,,,,,,,,,,,,,,,,,
127.5,117.5,25,25,FALSE,127.5,117.5,25,25,FALSE,132.5,117.5,25,25,FALSE,132.5,117.5,25,25,FALSE,132.5,117.5,25,25,FALSE,142.5,117.5,25,25,FALSE,142.5,117.5,25,25,FALSE,142.5,117.5,25,25,FALSE,147.5,117.5,25,25,FALSE,147.5,117.5,25,25,FALSE,147.5,117.5,25,25,FALSE,152.5,117.5,25,25,FALSE,152.5,117.5,25,25,FALSE,152.5,117.5,25,25,FALSE,162.5,117.5,25,25,FALSE,162.5,117.5,25,25,FALSE,167.5,117.5,25,25,FALSE,167.5,117.5,25,25,FALSE,177.5,117.5,25,25,FALSE,177.5,117.5,25,25,FALSE,182.5,117.5,25,25,FALSE,182.5,117.5,25,25,FALSE,187.5,117.5,25,25,FALSE,187.5,117.5,25,25,FALSE,192.5,117.5,25,25,FALSE,192.5,117.5,25,25,FALSE,197.5,117.5,25,25,FALSE,197.5,117.5,25,25,FALSE,202.5,117.5,25,25,FALSE,202.5,117.5,25,25,FALSE,222.5,117.5,25,25,FALSE,227.5,117.5,25,25,FALSE,227.5,117.5,25,25,FALSE,232.5,117.5,25,25,FALSE,232.5,117.5,25,25,FALSE,232.5,117.5,25,25,FALSE,257.5,117.5,25,25,FALSE,257.5,117.5,25,25,FALSE,262.5,117.5,25,25,FALSE,262.5,117.5,25,25,FALSE,267.5,117.5,25,25,FALSE,272.5,117.5,25,25,FALSE,277.5,117.5,25,25,FALSE,277.5,117.5,25,25,FALSE,287.5,117.5,25,25,FALSE,287.5,117.5,25,25,FALSE,287.5,117.5,25,25,FALSE,292.5,117.5,25,25,FALSE,292.5,117.5,25,25,FALSE,317.5,117.5,25,25,FALSE,322.5,117.5,25,25,FALSE,322.5,117.5,25,25,FALSE,327.5,117.5,25,25,FALSE,327.5,117.5,25,25,FALSE,332.5,117.5,25,25,FALSE,332.5,117.5,25,25,FALSE,332.5,117.5,25,25,FALSE,337.5,117.5,25,25,FALSE,337.5,117.5,25,25,FALSE,347.5,117.5,25,25,FALSE,347.5,117.5,25,25,FALSE,352.5,117.5,25,25,FALSE,352.5,117.5,25,25,FALSE,352.5,117.5,25,25,FALSE,362.5,117.5,25,25,FALSE,,,,,,,,,,,,,,,,,,,,,,,,,,,,,,,,,,,,,,,,,,,,,,,,,,,,,,,,,,,,,,,,,,,,,,,,,,,,,,,,,,,,,,,,,,,,,,,,,,,,,,,,,,,,,,,,,,,,,,,,,,,,,,,,,,,,,,,,,,,,,,,,,,,,,,,,,,,,,,,,,,,,,,,,,,,,,,,,,,,,,,,,,,,,,,,,,,,,,,,,,,,,,,,,,,,,,,,,,,,,,,,,,,,,,,,,,,,,,,,,,,,,,,,,,,
127.5,112.5,25,25,FALSE,127.5,112.5,25,25,FALSE,132.5,112.5,25,25,FALSE,132.5,112.5,25,25,FALSE,137.5,112.5,25,25,FALSE,137.5,112.5,25,25,FALSE,152.5,112.5,25,25,FALSE,152.5,112.5,25,25,FALSE,157.5,112.5,25,25,FALSE,157.5,112.5,25,25,FALSE,162.5,112.5,25,25,FALSE,162.5,112.5,25,25,FALSE,167.5,112.5,25,25,FALSE,167.5,112.5,25,25,FALSE,177.5,112.5,25,25,FALSE,177.5,112.5,25,25,FALSE,192.5,112.5,25,25,FALSE,192.5,112.5,25,25,FALSE,192.5,112.5,25,25,FALSE,197.5,112.5,25,25,FALSE,197.5,112.5,25,25,FALSE,197.5,112.5,25,25,FALSE,202.5,112.5,25,25,FALSE,202.5,112.5,25,25,FALSE,207.5,112.5,25,25,FALSE,217.5,112.5,25,25,FALSE,222.5,112.5,25,25,FALSE,222.5,112.5,25,25,FALSE,237.5,112.5,25,25,FALSE,252.5,112.5,25,25,FALSE,262.5,112.5,25,25,FALSE,262.5,112.5,25,25,FALSE,262.5,112.5,25,25,FALSE,272.5,112.5,25,25,FALSE,272.5,112.5,25,25,FALSE,272.5,112.5,25,25,FALSE,282.5,112.5,25,25,FALSE,282.5,112.5,25,25,FALSE,292.5,112.5,25,25,FALSE,292.5,112.5,25,25,FALSE,297.5,112.5,25,25,FALSE,312.5,112.5,25,25,FALSE,317.5,112.5,25,25,FALSE,317.5,112.5,25,25,FALSE,322.5,112.5,25,25,FALSE,322.5,112.5,25,25,FALSE,322.5,112.5,25,25,FALSE,327.5,112.5,25,25,FALSE,327.5,112.5,25,25,FALSE,327.5,112.5,25,25,FALSE,332.5,112.5,25,25,FALSE,332.5,112.5,25,25,FALSE,332.5,112.5,25,25,FALSE,337.5,112.5,25,25,FALSE,337.5,112.5,25,25,FALSE,347.5,112.5,25,25,FALSE,347.5,112.5,25,25,FALSE,352.5,112.5,25,25,FALSE,352.5,112.5,25,25,FALSE,357.5,112.5,25,25,FALSE,357.5,112.5,25,25,FALSE,367.5,112.5,25,25,FALSE,,,,,,,,,,,,,,,,,,,,,,,,,,,,,,,,,,,,,,,,,,,,,,,,,,,,,,,,,,,,,,,,,,,,,,,,,,,,,,,,,,,,,,,,,,,,,,,,,,,,,,,,,,,,,,,,,,,,,,,,,,,,,,,,,,,,,,,,,,,,,,,,,,,,,,,,,,,,,,,,,,,,,,,,,,,,,,,,,,,,,,,,,,,,,,,,,,,,,,,,,,,,,,,,,,,,,,,,,,,,,,,,,,,,,,,,,,,,,,,,,,,,,,,,,,,,,,,,,,,,,,,,,
122.5,107.5,25,25,FALSE,127.5,107.5,25,25,FALSE,127.5,107.5,25,25,FALSE,137.5,107.5,25,25,FALSE,137.5,107.5,25,25,FALSE,142.5,107.5,25,25,FALSE,167.5,107.5,25,25,FALSE,167.5,107.5,25,25,FALSE,177.5,107.5,25,25,FALSE,182.5,107.5,25,25,FALSE,197.5,107.5,25,25,FALSE,197.5,107.5,25,25,FALSE,197.5,107.5,25,25,FALSE,202.5,107.5,25,25,FALSE,202.5,107.5,25,25,FALSE,202.5,107.5,25,25,FALSE,207.5,107.5,25,25,FALSE,207.5,107.5,25,25,FALSE,212.5,107.5,25,25,FALSE,212.5,107.5,25,25,FALSE,217.5,107.5,25,25,FALSE,217.5,107.5,25,25,FALSE,222.5,107.5,25,25,FALSE,222.5,107.5,25,25,FALSE,227.5,107.5,25,25,FALSE,232.5,107.5,25,25,FALSE,237.5,107.5,25,25,FALSE,242.5,107.5,25,25,FALSE,252.5,107.5,25,25,FALSE,257.5,107.5,25,25,FALSE,257.5,107.5,25,25,FALSE,262.5,107.5,25,25,FALSE,272.5,107.5,25,25,FALSE,277.5,107.5,25,25,FALSE,277.5,107.5,25,25,FALSE,282.5,107.5,25,25,FALSE,292.5,107.5,25,25,FALSE,292.5,107.5,25,25,FALSE,297.5,107.5,25,25,FALSE,297.5,107.5,25,25,FALSE,302.5,107.5,25,25,FALSE,307.5,107.5,25,25,FALSE,337.5,107.5,25,25,FALSE,337.5,107.5,25,25,FALSE,342.5,107.5,25,25,FALSE,342.5,107.5,25,25,FALSE,347.5,107.5,25,25,FALSE,347.5,107.5,25,25,FALSE,352.5,107.5,25,25,FALSE,352.5,107.5,25,25,FALSE,352.5,107.5,25,25,FALSE,362.5,107.5,25,25,FALSE,362.5,107.5,25,25,FALSE,367.5,107.5,25,25,FALSE,372.5,107.5,25,25,FALSE,,,,,,,,,,,,,,,,,,,,,,,,,,,,,,,,,,,,,,,,,,,,,,,,,,,,,,,,,,,,,,,,,,,,,,,,,,,,,,,,,,,,,,,,,,,,,,,,,,,,,,,,,,,,,,,,,,,,,,,,,,,,,,,,,,,,,,,,,,,,,,,,,,,,,,,,,,,,,,,,,,,,,,,,,,,,,,,,,,,,,,,,,,,,,,,,,,,,,,,,,,,,,,,,,,,,,,,,,,,,,,,,,,,,,,,,,,,,,,,,,,,,,,,,,,,,,,,,,,,,,,,,,,,,,,,,,,,,,,,,,,,,,,,,,,,,,,,,,,,,
117.5,102.5,25,25,FALSE,122.5,102.5,25,25,FALSE,122.5,102.5,25,25,FALSE,127.5,102.5,25,25,FALSE,127.5,102.5,25,25,FALSE,132.5,102.5,25,25,FALSE,132.5,102.5,25,25,FALSE,172.5,102.5,25,25,FALSE,172.5,102.5,25,25,FALSE,177.5,102.5,25,25,FALSE,177.5,102.5,25,25,FALSE,182.5,102.5,25,25,FALSE,182.5,102.5,25,25,FALSE,192.5,102.5,25,25,FALSE,217.5,102.5,25,25,FALSE,217.5,102.5,25,25,FALSE,217.5,102.5,25,25,FALSE,222.5,102.5,25,25,FALSE,222.5,102.5,25,25,FALSE,222.5,102.5,25,25,FALSE,227.5,102.5,25,25,FALSE,227.5,102.5,25,25,FALSE,227.5,102.5,25,25,FALSE,232.5,102.5,25,25,FALSE,232.5,102.5,25,25,FALSE,232.5,102.5,25,25,FALSE,242.5,102.5,25,25,FALSE,242.5,102.5,25,25,FALSE,247.5,102.5,25,25,FALSE,247.5,102.5,25,25,FALSE,267.5,102.5,25,25,FALSE,267.5,102.5,25,25,FALSE,277.5,102.5,25,25,FALSE,277.5,102.5,25,25,FALSE,277.5,102.5,25,25,FALSE,282.5,102.5,25,25,FALSE,282.5,102.5,25,25,FALSE,287.5,102.5,25,25,FALSE,287.5,102.5,25,25,FALSE,292.5,102.5,25,25,FALSE,292.5,102.5,25,25,FALSE,297.5,102.5,25,25,FALSE,297.5,102.5,25,25,FALSE,297.5,102.5,25,25,FALSE,307.5,102.5,25,25,FALSE,307.5,102.5,25,25,FALSE,312.5,102.5,25,25,FALSE,332.5,102.5,25,25,FALSE,337.5,102.5,25,25,FALSE,337.5,102.5,25,25,FALSE,342.5,102.5,25,25,FALSE,342.5,102.5,25,25,FALSE,342.5,102.5,25,25,FALSE,347.5,102.5,25,25,FALSE,347.5,102.5,25,25,FALSE,347.5,102.5,25,25,FALSE,357.5,102.5,25,25,FALSE,357.5,102.5,25,25,FALSE,372.5,102.5,25,25,FALSE,372.5,102.5,25,25,FALSE,377.5,102.5,25,25,FALSE,,,,,,,,,,,,,,,,,,,,,,,,,,,,,,,,,,,,,,,,,,,,,,,,,,,,,,,,,,,,,,,,,,,,,,,,,,,,,,,,,,,,,,,,,,,,,,,,,,,,,,,,,,,,,,,,,,,,,,,,,,,,,,,,,,,,,,,,,,,,,,,,,,,,,,,,,,,,,,,,,,,,,,,,,,,,,,,,,,,,,,,,,,,,,,,,,,,,,,,,,,,,,,,,,,,,,,,,,,,,,,,,,,,,,,,,,,,,,,,,,,,,,,,,,,,,,,,,,,,,,,,,,,,,,,
112.5,97.5,25,25,FALSE,117.5,97.5,25,25,FALSE,117.5,97.5,25,25,FALSE,132.5,97.5,25,25,FALSE,132.5,97.5,25,25,FALSE,137.5,97.5,25,25,FALSE,167.5,97.5,25,25,FALSE,172.5,97.5,25,25,FALSE,172.5,97.5,25,25,FALSE,177.5,97.5,25,25,FALSE,177.5,97.5,25,25,FALSE,177.5,97.5,25,25,FALSE,182.5,97.5,25,25,FALSE,182.5,97.5,25,25,FALSE,187.5,97.5,25,25,FALSE,187.5,97.5,25,25,FALSE,197.5,97.5,25,25,FALSE,212.5,97.5,25,25,FALSE,217.5,97.5,25,25,FALSE,217.5,97.5,25,25,FALSE,222.5,97.5,25,25,FALSE,222.5,97.5,25,25,FALSE,222.5,97.5,25,25,FALSE,227.5,97.5,25,25,FALSE,227.5,97.5,25,25,FALSE,227.5,97.5,25,25,FALSE,232.5,97.5,25,25,FALSE,232.5,97.5,25,25,FALSE,242.5,97.5,25,25,FALSE,242.5,97.5,25,25,FALSE,247.5,97.5,25,25,FALSE,247.5,97.5,25,25,FALSE,252.5,97.5,25,25,FALSE,262.5,97.5,25,25,FALSE,272.5,97.5,25,25,FALSE,272.5,97.5,25,25,FALSE,277.5,97.5,25,25,FALSE,277.5,97.5,25,25,FALSE,282.5,97.5,25,25,FALSE,282.5,97.5,25,25,FALSE,282.5,97.5,25,25,FALSE,287.5,97.5,25,25,FALSE,287.5,97.5,25,25,FALSE,287.5,97.5,25,25,FALSE,292.5,97.5,25,25,FALSE,292.5,97.5,25,25,FALSE,292.5,97.5,25,25,FALSE,297.5,97.5,25,25,FALSE,297.5,97.5,25,25,FALSE,307.5,97.5,25,25,FALSE,307.5,97.5,25,25,FALSE,312.5,97.5,25,25,FALSE,312.5,97.5,25,25,FALSE,317.5,97.5,25,25,FALSE,327.5,97.5,25,25,FALSE,332.5,97.5,25,25,FALSE,332.5,97.5,25,25,FALSE,337.5,97.5,25,25,FALSE,337.5,97.5,25,25,FALSE,337.5,97.5,25,25,FALSE,342.5,97.5,25,25,FALSE,342.5,97.5,25,25,FALSE,342.5,97.5,25,25,FALSE,347.5,97.5,25,25,FALSE,347.5,97.5,25,25,FALSE,352.5,97.5,25,25,FALSE,352.5,97.5,25,25,FALSE,357.5,97.5,25,25,FALSE,367.5,97.5,25,25,FALSE,372.5,97.5,25,25,FALSE,372.5,97.5,25,25,FALSE,377.5,97.5,25,25,FALSE,377.5,97.5,25,25,FALSE,382.5,97.5,25,25,FALSE,,,,,,,,,,,,,,,,,,,,,,,,,,,,,,,,,,,,,,,,,,,,,,,,,,,,,,,,,,,,,,,,,,,,,,,,,,,,,,,,,,,,,,,,,,,,,,,,,,,,,,,,,,,,,,,,,,,,,,,,,,,,,,,,,,,,,,,,,,,,,,,,,,,,,,,,,,,,,,,,,,,,,,,,,,,,,,,,,,,,,,,,,,,,,,,,,,,,,,,,,,,,,
112.5,92.5,25,25,FALSE,112.5,92.5,25,25,FALSE,117.5,92.5,25,25,FALSE,117.5,92.5,25,25,FALSE,127.5,92.5,25,25,FALSE,167.5,92.5,25,25,FALSE,167.5,92.5,25,25,FALSE,172.5,92.5,25,25,FALSE,172.5,92.5,25,25,FALSE,172.5,92.5,25,25,FALSE,177.5,92.5,25,25,FALSE,177.5,92.5,25,25,FALSE,177.5,92.5,25,25,FALSE,182.5,92.5,25,25,FALSE,182.5,92.5,25,25,FALSE,182.5,92.5,25,25,FALSE,187.5,92.5,25,25,FALSE,187.5,92.5,25,25,FALSE,192.5,92.5,25,25,FALSE,192.5,92.5,25,25,FALSE,197.5,92.5,25,25,FALSE,212.5,92.5,25,25,FALSE,212.5,92.5,25,25,FALSE,227.5,92.5,25,25,FALSE,227.5,92.5,25,25,FALSE,227.5,92.5,25,25,FALSE,232.5,92.5,25,25,FALSE,232.5,92.5,25,25,FALSE,242.5,92.5,25,25,FALSE,242.5,92.5,25,25,FALSE,252.5,92.5,25,25,FALSE,252.5,92.5,25,25,FALSE,257.5,92.5,25,25,FALSE,257.5,92.5,25,25,FALSE,262.5,92.5,25,25,FALSE,267.5,92.5,25,25,FALSE,267.5,92.5,25,25,FALSE,272.5,92.5,25,25,FALSE,272.5,92.5,25,25,FALSE,277.5,92.5,25,25,FALSE,277.5,92.5,25,25,FALSE,277.5,92.5,25,25,FALSE,282.5,92.5,25,25,FALSE,282.5,92.5,25,25,FALSE,282.5,92.5,25,25,FALSE,302.5,92.5,25,25,FALSE,302.5,92.5,25,25,FALSE,307.5,92.5,25,25,FALSE,307.5,92.5,25,25,FALSE,312.5,92.5,25,25,FALSE,312.5,92.5,25,25,FALSE,312.5,92.5,25,25,FALSE,317.5,92.5,25,25,FALSE,317.5,92.5,25,25,FALSE,322.5,92.5,25,25,FALSE,322.5,92.5,25,25,FALSE,327.5,92.5,25,25,FALSE,327.5,92.5,25,25,FALSE,332.5,92.5,25,25,FALSE,332.5,92.5,25,25,FALSE,332.5,92.5,25,25,FALSE,337.5,92.5,25,25,FALSE,337.5,92.5,25,25,FALSE,337.5,92.5,25,25,FALSE,342.5,92.5,25,25,FALSE,342.5,92.5,25,25,FALSE,342.5,92.5,25,25,FALSE,347.5,92.5,25,25,FALSE,347.5,92.5,25,25,FALSE,347.5,92.5,25,25,FALSE,352.5,92.5,25,25,FALSE,352.5,92.5,25,25,FALSE,352.5,92.5,25,25,FALSE,372.5,92.5,25,25,FALSE,372.5,92.5,25,25,FALSE,372.5,92.5,25,25,FALSE,377.5,92.5,25,25,FALSE,377.5,92.5,25,25,FALSE,377.5,92.5,25,25,FALSE,387.5,92.5,25,25,FALSE,,,,,,,,,,,,,,,,,,,,,,,,,,,,,,,,,,,,,,,,,,,,,,,,,,,,,,,,,,,,,,,,,,,,,,,,,,,,,,,,,,,,,,,,,,,,,,,,,,,,,,,,,,,,,,,,,,,,,,,,,,,,,,,,,,,,,,,,,,,,,,,,,,,,,,,,,,,,,,,,,,,,,,,,,,,,,,,
112.5,87.5,25,25,FALSE,112.5,87.5,25,25,FALSE,122.5,87.5,25,25,FALSE,122.5,87.5,25,25,FALSE,127.5,87.5,25,25,FALSE,132.5,87.5,25,25,FALSE,162.5,87.5,25,25,FALSE,167.5,87.5,25,25,FALSE,167.5,87.5,25,25,FALSE,172.5,87.5,25,25,FALSE,172.5,87.5,25,25,FALSE,172.5,87.5,25,25,FALSE,177.5,87.5,25,25,FALSE,177.5,87.5,25,25,FALSE,177.5,87.5,25,25,FALSE,182.5,87.5,25,25,FALSE,182.5,87.5,25,25,FALSE,182.5,87.5,25,25,FALSE,187.5,87.5,25,25,FALSE,187.5,87.5,25,25,FALSE,187.5,87.5,25,25,FALSE,197.5,87.5,25,25,FALSE,197.5,87.5,25,25,FALSE,202.5,87.5,25,25,FALSE,207.5,87.5,25,25,FALSE,217.5,87.5,25,25,FALSE,232.5,87.5,25,25,FALSE,232.5,87.5,25,25,FALSE,237.5,87.5,25,25,FALSE,237.5,87.5,25,25,FALSE,242.5,87.5,25,25,FALSE,247.5,87.5,25,25,FALSE,247.5,87.5,25,25,FALSE,252.5,87.5,25,25,FALSE,252.5,87.5,25,25,FALSE,267.5,87.5,25,25,FALSE,267.5,87.5,25,25,FALSE,267.5,87.5,25,25,FALSE,272.5,87.5,25,25,FALSE,272.5,87.5,25,25,FALSE,272.5,87.5,25,25,FALSE,287.5,87.5,25,25,FALSE,302.5,87.5,25,25,FALSE,302.5,87.5,25,25,FALSE,312.5,87.5,25,25,FALSE,312.5,87.5,25,25,FALSE,312.5,87.5,25,25,FALSE,317.5,87.5,25,25,FALSE,317.5,87.5,25,25,FALSE,317.5,87.5,25,25,FALSE,322.5,87.5,25,25,FALSE,322.5,87.5,25,25,FALSE,322.5,87.5,25,25,FALSE,327.5,87.5,25,25,FALSE,327.5,87.5,25,25,FALSE,327.5,87.5,25,25,FALSE,332.5,87.5,25,25,FALSE,332.5,87.5,25,25,FALSE,332.5,87.5,25,25,FALSE,337.5,87.5,25,25,FALSE,337.5,87.5,25,25,FALSE,337.5,87.5,25,25,FALSE,342.5,87.5,25,25,FALSE,342.5,87.5,25,25,FALSE,342.5,87.5,25,25,FALSE,347.5,87.5,25,25,FALSE,347.5,87.5,25,25,FALSE,347.5,87.5,25,25,FALSE,352.5,87.5,25,25,FALSE,352.5,87.5,25,25,FALSE,357.5,87.5,25,25,FALSE,367.5,87.5,25,25,FALSE,377.5,87.5,25,25,FALSE,377.5,87.5,25,25,FALSE,392.5,87.5,25,25,FALSE,,,,,,,,,,,,,,,,,,,,,,,,,,,,,,,,,,,,,,,,,,,,,,,,,,,,,,,,,,,,,,,,,,,,,,,,,,,,,,,,,,,,,,,,,,,,,,,,,,,,,,,,,,,,,,,,,,,,,,,,,,,,,,,,,,,,,,,,,,,,,,,,,,,,,,,,,,,,,,,,,,,,,,,,,,,,,,,,,,,,,,,,,,,,,,,,,,,,,,,,
107.5,82.5,25,25,FALSE,112.5,82.5,25,25,FALSE,117.5,82.5,25,25,FALSE,117.5,82.5,25,25,FALSE,122.5,82.5,25,25,FALSE,122.5,82.5,25,25,FALSE,132.5,82.5,25,25,FALSE,132.5,82.5,25,25,FALSE,157.5,82.5,25,25,FALSE,167.5,82.5,25,25,FALSE,167.5,82.5,25,25,FALSE,167.5,82.5,25,25,FALSE,172.5,82.5,25,25,FALSE,172.5,82.5,25,25,FALSE,172.5,82.5,25,25,FALSE,182.5,82.5,25,25,FALSE,182.5,82.5,25,25,FALSE,182.5,82.5,25,25,FALSE,187.5,82.5,25,25,FALSE,187.5,82.5,25,25,FALSE,192.5,82.5,25,25,FALSE,192.5,82.5,25,25,FALSE,197.5,82.5,25,25,FALSE,197.5,82.5,25,25,FALSE,202.5,82.5,25,25,FALSE,202.5,82.5,25,25,FALSE,202.5,82.5,25,25,FALSE,207.5,82.5,25,25,FALSE,207.5,82.5,25,25,FALSE,212.5,82.5,25,25,FALSE,212.5,82.5,25,25,FALSE,222.5,82.5,25,25,FALSE,227.5,82.5,25,25,FALSE,232.5,82.5,25,25,FALSE,232.5,82.5,25,25,FALSE,242.5,82.5,25,25,FALSE,242.5,82.5,25,25,FALSE,242.5,82.5,25,25,FALSE,247.5,82.5,25,25,FALSE,247.5,82.5,25,25,FALSE,247.5,82.5,25,25,FALSE,257.5,82.5,25,25,FALSE,272.5,82.5,25,25,FALSE,272.5,82.5,25,25,FALSE,277.5,82.5,25,25,FALSE,287.5,82.5,25,25,FALSE,297.5,82.5,25,25,FALSE,302.5,82.5,25,25,FALSE,307.5,82.5,25,25,FALSE,307.5,82.5,25,25,FALSE,312.5,82.5,25,25,FALSE,312.5,82.5,25,25,FALSE,317.5,82.5,25,25,FALSE,317.5,82.5,25,25,FALSE,317.5,82.5,25,25,FALSE,327.5,82.5,25,25,FALSE,327.5,82.5,25,25,FALSE,327.5,82.5,25,25,FALSE,332.5,82.5,25,25,FALSE,332.5,82.5,25,25,FALSE,332.5,82.5,25,25,FALSE,337.5,82.5,25,25,FALSE,337.5,82.5,25,25,FALSE,337.5,82.5,25,25,FALSE,342.5,82.5,25,25,FALSE,342.5,82.5,25,25,FALSE,342.5,82.5,25,25,FALSE,347.5,82.5,25,25,FALSE,347.5,82.5,25,25,FALSE,347.5,82.5,25,25,FALSE,352.5,82.5,25,25,FALSE,352.5,82.5,25,25,FALSE,352.5,82.5,25,25,FALSE,362.5,82.5,25,25,FALSE,362.5,82.5,25,25,FALSE,372.5,82.5,25,25,FALSE,372.5,82.5,25,25,FALSE,382.5,82.5,25,25,FALSE,387.5,82.5,25,25,FALSE,392.5,82.5,25,25,FALSE,,,,,,,,,,,,,,,,,,,,,,,,,,,,,,,,,,,,,,,,,,,,,,,,,,,,,,,,,,,,,,,,,,,,,,,,,,,,,,,,,,,,,,,,,,,,,,,,,,,,,,,,,,,,,,,,,,,,,,,,,,,,,,,,,,,,,,,,,,,,,,,,,,,,,,,,,,,,,,,,,,,,,,,,,,,,,,,
107.5,77.5,25,25,FALSE,107.5,77.5,25,25,FALSE,112.5,77.5,25,25,FALSE,112.5,77.5,25,25,FALSE,112.5,77.5,25,25,FALSE,117.5,77.5,25,25,FALSE,117.5,77.5,25,25,FALSE,117.5,77.5,25,25,FALSE,122.5,77.5,25,25,FALSE,122.5,77.5,25,25,FALSE,127.5,77.5,25,25,FALSE,127.5,77.5,25,25,FALSE,132.5,77.5,25,25,FALSE,152.5,77.5,25,25,FALSE,157.5,77.5,25,25,FALSE,167.5,77.5,25,25,FALSE,167.5,77.5,25,25,FALSE,172.5,77.5,25,25,FALSE,172.5,77.5,25,25,FALSE,182.5,77.5,25,25,FALSE,182.5,77.5,25,25,FALSE,192.5,77.5,25,25,FALSE,192.5,77.5,25,25,FALSE,192.5,77.5,25,25,FALSE,202.5,77.5,25,25,FALSE,202.5,77.5,25,25,FALSE,202.5,77.5,25,25,FALSE,207.5,77.5,25,25,FALSE,207.5,77.5,25,25,FALSE,207.5,77.5,25,25,FALSE,212.5,77.5,25,25,FALSE,212.5,77.5,25,25,FALSE,217.5,77.5,25,25,FALSE,217.5,77.5,25,25,FALSE,227.5,77.5,25,25,FALSE,227.5,77.5,25,25,FALSE,227.5,77.5,25,25,FALSE,232.5,77.5,25,25,FALSE,232.5,77.5,25,25,FALSE,237.5,77.5,25,25,FALSE,237.5,77.5,25,25,FALSE,252.5,77.5,25,25,FALSE,252.5,77.5,25,25,FALSE,257.5,77.5,25,25,FALSE,262.5,77.5,25,25,FALSE,277.5,77.5,25,25,FALSE,277.5,77.5,25,25,FALSE,282.5,77.5,25,25,FALSE,282.5,77.5,25,25,FALSE,287.5,77.5,25,25,FALSE,292.5,77.5,25,25,FALSE,292.5,77.5,25,25,FALSE,302.5,77.5,25,25,FALSE,302.5,77.5,25,25,FALSE,302.5,77.5,25,25,FALSE,317.5,77.5,25,25,FALSE,317.5,77.5,25,25,FALSE,322.5,77.5,25,25,FALSE,322.5,77.5,25,25,FALSE,332.5,77.5,25,25,FALSE,332.5,77.5,25,25,FALSE,332.5,77.5,25,25,FALSE,342.5,77.5,25,25,FALSE,342.5,77.5,25,25,FALSE,342.5,77.5,25,25,FALSE,347.5,77.5,25,25,FALSE,347.5,77.5,25,25,FALSE,347.5,77.5,25,25,FALSE,367.5,77.5,25,25,FALSE,367.5,77.5,25,25,FALSE,372.5,77.5,25,25,FALSE,382.5,77.5,25,25,FALSE,382.5,77.5,25,25,FALSE,387.5,77.5,25,25,FALSE,387.5,77.5,25,25,FALSE,387.5,77.5,25,25,FALSE,397.5,77.5,25,25,FALSE,,,,,,,,,,,,,,,,,,,,,,,,,,,,,,,,,,,,,,,,,,,,,,,,,,,,,,,,,,,,,,,,,,,,,,,,,,,,,,,,,,,,,,,,,,,,,,,,,,,,,,,,,,,,,,,,,,,,,,,,,,,,,,,,,,,,,,,,,,,,,,,,,,,,,,,,,,,,,,,,,,,,,,,,,,,,,,,,,,,,,,,,,,,,,,
117.5,72.5,25,25,FALSE,117.5,72.5,25,25,FALSE,117.5,72.5,25,25,FALSE,137.5,72.5,25,25,FALSE,147.5,72.5,25,25,FALSE,162.5,72.5,25,25,FALSE,162.5,72.5,25,25,FALSE,167.5,72.5,25,25,FALSE,167.5,72.5,25,25,FALSE,177.5,72.5,25,25,FALSE,177.5,72.5,25,25,FALSE,182.5,72.5,25,25,FALSE,187.5,72.5,25,25,FALSE,187.5,72.5,25,25,FALSE,192.5,72.5,25,25,FALSE,197.5,72.5,25,25,FALSE,197.5,72.5,25,25,FALSE,202.5,72.5,25,25,FALSE,202.5,72.5,25,25,FALSE,207.5,72.5,25,25,FALSE,207.5,72.5,25,25,FALSE,207.5,72.5,25,25,FALSE,212.5,72.5,25,25,FALSE,212.5,72.5,25,25,FALSE,212.5,72.5,25,25,FALSE,222.5,72.5,25,25,FALSE,222.5,72.5,25,25,FALSE,227.5,72.5,25,25,FALSE,227.5,72.5,25,25,FALSE,232.5,72.5,25,25,FALSE,232.5,72.5,25,25,FALSE,232.5,72.5,25,25,FALSE,237.5,72.5,25,25,FALSE,237.5,72.5,25,25,FALSE,247.5,72.5,25,25,FALSE,252.5,72.5,25,25,FALSE,252.5,72.5,25,25,FALSE,257.5,72.5,25,25,FALSE,257.5,72.5,25,25,FALSE,257.5,72.5,25,25,FALSE,267.5,72.5,25,25,FALSE,272.5,72.5,25,25,FALSE,277.5,72.5,25,25,FALSE,277.5,72.5,25,25,FALSE,292.5,72.5,25,25,FALSE,292.5,72.5,25,25,FALSE,297.5,72.5,25,25,FALSE,297.5,72.5,25,25,FALSE,302.5,72.5,25,25,FALSE,317.5,72.5,25,25,FALSE,317.5,72.5,25,25,FALSE,322.5,72.5,25,25,FALSE,322.5,72.5,25,25,FALSE,327.5,72.5,25,25,FALSE,327.5,72.5,25,25,FALSE,332.5,72.5,25,25,FALSE,337.5,72.5,25,25,FALSE,337.5,72.5,25,25,FALSE,342.5,72.5,25,25,FALSE,342.5,72.5,25,25,FALSE,347.5,72.5,25,25,FALSE,347.5,72.5,25,25,FALSE,352.5,72.5,25,25,FALSE,362.5,72.5,25,25,FALSE,372.5,72.5,25,25,FALSE,372.5,72.5,25,25,FALSE,377.5,72.5,25,25,FALSE,377.5,72.5,25,25,FALSE,382.5,72.5,25,25,FALSE,382.5,72.5,25,25,FALSE,387.5,72.5,25,25,FALSE,387.5,72.5,25,25,FALSE,392.5,72.5,25,25,FALSE,392.5,72.5,25,25,FALSE,397.5,72.5,25,25,FALSE,402.5,72.5,25,25,FALSE,,,,,,,,,,,,,,,,,,,,,,,,,,,,,,,,,,,,,,,,,,,,,,,,,,,,,,,,,,,,,,,,,,,,,,,,,,,,,,,,,,,,,,,,,,,,,,,,,,,,,,,,,,,,,,,,,,,,,,,,,,,,,,,,,,,,,,,,,,,,,,,,,,,,,,,,,,,,,,,,,,,,,,,,,,,,,,,,,,,,,,,,,,,,,,,,,,,
117.5,67.5,25,25,FALSE,122.5,67.5,25,25,FALSE,137.5,67.5,25,25,FALSE,142.5,67.5,25,25,FALSE,142.5,67.5,25,25,FALSE,147.5,67.5,25,25,FALSE,152.5,67.5,25,25,FALSE,157.5,67.5,25,25,FALSE,162.5,67.5,25,25,FALSE,162.5,67.5,25,25,FALSE,167.5,67.5,25,25,FALSE,167.5,67.5,25,25,FALSE,172.5,67.5,25,25,FALSE,172.5,67.5,25,25,FALSE,177.5,67.5,25,25,FALSE,177.5,67.5,25,25,FALSE,187.5,67.5,25,25,FALSE,187.5,67.5,25,25,FALSE,187.5,67.5,25,25,FALSE,192.5,67.5,25,25,FALSE,192.5,67.5,25,25,FALSE,192.5,67.5,25,25,FALSE,197.5,67.5,25,25,FALSE,197.5,67.5,25,25,FALSE,197.5,67.5,25,25,FALSE,202.5,67.5,25,25,FALSE,202.5,67.5,25,25,FALSE,202.5,67.5,25,25,FALSE,207.5,67.5,25,25,FALSE,207.5,67.5,25,25,FALSE,207.5,67.5,25,25,FALSE,212.5,67.5,25,25,FALSE,212.5,67.5,25,25,FALSE,217.5,67.5,25,25,FALSE,217.5,67.5,25,25,FALSE,222.5,67.5,25,25,FALSE,222.5,67.5,25,25,FALSE,232.5,67.5,25,25,FALSE,232.5,67.5,25,25,FALSE,232.5,67.5,25,25,FALSE,242.5,67.5,25,25,FALSE,242.5,67.5,25,25,FALSE,257.5,67.5,25,25,FALSE,257.5,67.5,25,25,FALSE,262.5,67.5,25,25,FALSE,262.5,67.5,25,25,FALSE,267.5,67.5,25,25,FALSE,267.5,67.5,25,25,FALSE,272.5,67.5,25,25,FALSE,272.5,67.5,25,25,FALSE,272.5,67.5,25,25,FALSE,277.5,67.5,25,25,FALSE,277.5,67.5,25,25,FALSE,282.5,67.5,25,25,FALSE,287.5,67.5,25,25,FALSE,292.5,67.5,25,25,FALSE,292.5,67.5,25,25,FALSE,297.5,67.5,25,25,FALSE,297.5,67.5,25,25,FALSE,297.5,67.5,25,25,FALSE,302.5,67.5,25,25,FALSE,302.5,67.5,25,25,FALSE,312.5,67.5,25,25,FALSE,317.5,67.5,25,25,FALSE,317.5,67.5,25,25,FALSE,322.5,67.5,25,25,FALSE,322.5,67.5,25,25,FALSE,322.5,67.5,25,25,FALSE,327.5,67.5,25,25,FALSE,327.5,67.5,25,25,FALSE,327.5,67.5,25,25,FALSE,342.5,67.5,25,25,FALSE,342.5,67.5,25,25,FALSE,342.5,67.5,25,25,FALSE,352.5,67.5,25,25,FALSE,352.5,67.5,25,25,FALSE,357.5,67.5,25,25,FALSE,357.5,67.5,25,25,FALSE,362.5,67.5,25,25,FALSE,367.5,67.5,25,25,FALSE,367.5,67.5,25,25,FALSE,372.5,67.5,25,25,FALSE,372.5,67.5,25,25,FALSE,382.5,67.5,25,25,FALSE,382.5,67.5,25,25,FALSE,382.5,67.5,25,25,FALSE,387.5,67.5,25,25,FALSE,387.5,67.5,25,25,FALSE,387.5,67.5,25,25,FALSE,392.5,67.5,25,25,FALSE,392.5,67.5,25,25,FALSE,392.5,67.5,25,25,FALSE,402.5,67.5,25,25,FALSE,402.5,67.5,25,25,FALSE,,,,,,,,,,,,,,,,,,,,,,,,,,,,,,,,,,,,,,,,,,,,,,,,,,,,,,,,,,,,,,,,,,,,,,,,,,,,,,,,,,,,,,,,,,,,,,,,,,,,,,,,,
112.5,62.5,25,25,FALSE,117.5,62.5,25,25,FALSE,117.5,62.5,25,25,FALSE,127.5,62.5,25,25,FALSE,137.5,62.5,25,25,FALSE,137.5,62.5,25,25,FALSE,142.5,62.5,25,25,FALSE,142.5,62.5,25,25,FALSE,142.5,62.5,25,25,FALSE,147.5,62.5,25,25,FALSE,147.5,62.5,25,25,FALSE,147.5,62.5,25,25,FALSE,157.5,62.5,25,25,FALSE,157.5,62.5,25,25,FALSE,157.5,62.5,25,25,FALSE,162.5,62.5,25,25,FALSE,162.5,62.5,25,25,FALSE,162.5,62.5,25,25,FALSE,167.5,62.5,25,25,FALSE,167.5,62.5,25,25,FALSE,167.5,62.5,25,25,FALSE,172.5,62.5,25,25,FALSE,172.5,62.5,25,25,FALSE,172.5,62.5,25,25,FALSE,177.5,62.5,25,25,FALSE,177.5,62.5,25,25,FALSE,182.5,62.5,25,25,FALSE,182.5,62.5,25,25,FALSE,187.5,62.5,25,25,FALSE,187.5,62.5,25,25,FALSE,192.5,62.5,25,25,FALSE,192.5,62.5,25,25,FALSE,192.5,62.5,25,25,FALSE,197.5,62.5,25,25,FALSE,197.5,62.5,25,25,FALSE,197.5,62.5,25,25,FALSE,207.5,62.5,25,25,FALSE,207.5,62.5,25,25,FALSE,207.5,62.5,25,25,FALSE,212.5,62.5,25,25,FALSE,212.5,62.5,25,25,FALSE,212.5,62.5,25,25,FALSE,222.5,62.5,25,25,FALSE,222.5,62.5,25,25,FALSE,227.5,62.5,25,25,FALSE,227.5,62.5,25,25,FALSE,232.5,62.5,25,25,FALSE,247.5,62.5,25,25,FALSE,252.5,62.5,25,25,FALSE,262.5,62.5,25,25,FALSE,262.5,62.5,25,25,FALSE,262.5,62.5,25,25,FALSE,267.5,62.5,25,25,FALSE,267.5,62.5,25,25,FALSE,267.5,62.5,25,25,FALSE,272.5,62.5,25,25,FALSE,272.5,62.5,25,25,FALSE,272.5,62.5,25,25,FALSE,287.5,62.5,25,25,FALSE,287.5,62.5,25,25,FALSE,287.5,62.5,25,25,FALSE,302.5,62.5,25,25,FALSE,302.5,62.5,25,25,FALSE,312.5,62.5,25,25,FALSE,312.5,62.5,25,25,FALSE,317.5,62.5,25,25,FALSE,317.5,62.5,25,25,FALSE,317.5,62.5,25,25,FALSE,322.5,62.5,25,25,FALSE,322.5,62.5,25,25,FALSE,322.5,62.5,25,25,FALSE,327.5,62.5,25,25,FALSE,327.5,62.5,25,25,FALSE,352.5,62.5,25,25,FALSE,352.5,62.5,25,25,FALSE,357.5,62.5,25,25,FALSE,357.5,62.5,25,25,FALSE,357.5,62.5,25,25,FALSE,362.5,62.5,25,25,FALSE,362.5,62.5,25,25,FALSE,362.5,62.5,25,25,FALSE,367.5,62.5,25,25,FALSE,367.5,62.5,25,25,FALSE,367.5,62.5,25,25,FALSE,372.5,62.5,25,25,FALSE,372.5,62.5,25,25,FALSE,377.5,62.5,25,25,FALSE,377.5,62.5,25,25,FALSE,382.5,62.5,25,25,FALSE,382.5,62.5,25,25,FALSE,392.5,62.5,25,25,FALSE,392.5,62.5,25,25,FALSE,407.5,62.5,25,25,FALSE,,,,,,,,,,,,,,,,,,,,,,,,,,,,,,,,,,,,,,,,,,,,,,,,,,,,,,,,,,,,,,,,,,,,,,,,,,,,,,,,,,,,,,,,,,,,,,,,,,,,,,,,,,,,,,
117.5,57.5,25,25,FALSE,117.5,57.5,25,25,FALSE,122.5,57.5,25,25,FALSE,122.5,57.5,25,25,FALSE,127.5,57.5,25,25,FALSE,132.5,57.5,25,25,FALSE,132.5,57.5,25,25,FALSE,137.5,57.5,25,25,FALSE,137.5,57.5,25,25,FALSE,152.5,57.5,25,25,FALSE,152.5,57.5,25,25,FALSE,157.5,57.5,25,25,FALSE,157.5,57.5,25,25,FALSE,167.5,57.5,25,25,FALSE,167.5,57.5,25,25,FALSE,167.5,57.5,25,25,FALSE,172.5,57.5,25,25,FALSE,172.5,57.5,25,25,FALSE,172.5,57.5,25,25,FALSE,177.5,57.5,25,25,FALSE,177.5,57.5,25,25,FALSE,177.5,57.5,25,25,FALSE,182.5,57.5,25,25,FALSE,182.5,57.5,25,25,FALSE,182.5,57.5,25,25,FALSE,187.5,57.5,25,25,FALSE,187.5,57.5,25,25,FALSE,187.5,57.5,25,25,FALSE,192.5,57.5,25,25,FALSE,192.5,57.5,25,25,FALSE,192.5,57.5,25,25,FALSE,197.5,57.5,25,25,FALSE,197.5,57.5,25,25,FALSE,202.5,57.5,25,25,FALSE,202.5,57.5,25,25,FALSE,207.5,57.5,25,25,FALSE,207.5,57.5,25,25,FALSE,212.5,57.5,25,25,FALSE,212.5,57.5,25,25,FALSE,217.5,57.5,25,25,FALSE,217.5,57.5,25,25,FALSE,222.5,57.5,25,25,FALSE,222.5,57.5,25,25,FALSE,237.5,57.5,25,25,FALSE,242.5,57.5,25,25,FALSE,247.5,57.5,25,25,FALSE,247.5,57.5,25,25,FALSE,252.5,57.5,25,25,FALSE,252.5,57.5,25,25,FALSE,262.5,57.5,25,25,FALSE,262.5,57.5,25,25,FALSE,267.5,57.5,25,25,FALSE,267.5,57.5,25,25,FALSE,267.5,57.5,25,25,FALSE,272.5,57.5,25,25,FALSE,272.5,57.5,25,25,FALSE,277.5,57.5,25,25,FALSE,282.5,57.5,25,25,FALSE,292.5,57.5,25,25,FALSE,302.5,57.5,25,25,FALSE,332.5,57.5,25,25,FALSE,347.5,57.5,25,25,FALSE,352.5,57.5,25,25,FALSE,352.5,57.5,25,25,FALSE,367.5,57.5,25,25,FALSE,367.5,57.5,25,25,FALSE,367.5,57.5,25,25,FALSE,372.5,57.5,25,25,FALSE,372.5,57.5,25,25,FALSE,372.5,57.5,25,25,FALSE,397.5,57.5,25,25,FALSE,412.5,57.5,25,25,FALSE,,,,,,,,,,,,,,,,,,,,,,,,,,,,,,,,,,,,,,,,,,,,,,,,,,,,,,,,,,,,,,,,,,,,,,,,,,,,,,,,,,,,,,,,,,,,,,,,,,,,,,,,,,,,,,,,,,,,,,,,,,,,,,,,,,,,,,,,,,,,,,,,,,,,,,,,,,,,,,,,,,,,,,,,,,,,,,,,,,,,,,,,,,,,,,,,,,,,,,,,,,,,,,,,,,,,,,,
112.5,52.5,25,25,FALSE,117.5,52.5,25,25,FALSE,117.5,52.5,25,25,FALSE,127.5,52.5,25,25,FALSE,127.5,52.5,25,25,FALSE,127.5,52.5,25,25,FALSE,137.5,52.5,25,25,FALSE,137.5,52.5,25,25,FALSE,142.5,52.5,25,25,FALSE,152.5,52.5,25,25,FALSE,152.5,52.5,25,25,FALSE,162.5,52.5,25,25,FALSE,162.5,52.5,25,25,FALSE,167.5,52.5,25,25,FALSE,167.5,52.5,25,25,FALSE,172.5,52.5,25,25,FALSE,172.5,52.5,25,25,FALSE,172.5,52.5,25,25,FALSE,182.5,52.5,25,25,FALSE,182.5,52.5,25,25,FALSE,182.5,52.5,25,25,FALSE,187.5,52.5,25,25,FALSE,187.5,52.5,25,25,FALSE,187.5,52.5,25,25,FALSE,192.5,52.5,25,25,FALSE,192.5,52.5,25,25,FALSE,192.5,52.5,25,25,FALSE,197.5,52.5,25,25,FALSE,197.5,52.5,25,25,FALSE,197.5,52.5,25,25,FALSE,202.5,52.5,25,25,FALSE,202.5,52.5,25,25,FALSE,202.5,52.5,25,25,FALSE,222.5,52.5,25,25,FALSE,222.5,52.5,25,25,FALSE,227.5,52.5,25,25,FALSE,232.5,52.5,25,25,FALSE,242.5,52.5,25,25,FALSE,242.5,52.5,25,25,FALSE,242.5,52.5,25,25,FALSE,262.5,52.5,25,25,FALSE,262.5,52.5,25,25,FALSE,267.5,52.5,25,25,FALSE,267.5,52.5,25,25,FALSE,267.5,52.5,25,25,FALSE,272.5,52.5,25,25,FALSE,272.5,52.5,25,25,FALSE,272.5,52.5,25,25,FALSE,287.5,52.5,25,25,FALSE,287.5,52.5,25,25,FALSE,292.5,52.5,25,25,FALSE,327.5,52.5,25,25,FALSE,332.5,52.5,25,25,FALSE,337.5,52.5,25,25,FALSE,342.5,52.5,25,25,FALSE,347.5,52.5,25,25,FALSE,347.5,52.5,25,25,FALSE,392.5,52.5,25,25,FALSE,397.5,52.5,25,25,FALSE,402.5,52.5,25,25,FALSE,407.5,52.5,25,25,FALSE,417.5,52.5,25,25,FALSE,,,,,,,,,,,,,,,,,,,,,,,,,,,,,,,,,,,,,,,,,,,,,,,,,,,,,,,,,,,,,,,,,,,,,,,,,,,,,,,,,,,,,,,,,,,,,,,,,,,,,,,,,,,,,,,,,,,,,,,,,,,,,,,,,,,,,,,,,,,,,,,,,,,,,,,,,,,,,,,,,,,,,,,,,,,,,,,,,,,,,,,,,,,,,,,,,,,,,,,,,,,,,,,,,,,,,,,,,,,,,,,,,,,,,,,,,,,,,,,,,,,,,,,,,,,,,,,,,,,,,,,,,
107.5,47.5,25,25,FALSE,112.5,47.5,25,25,FALSE,112.5,47.5,25,25,FALSE,122.5,47.5,25,25,FALSE,122.5,47.5,25,25,FALSE,127.5,47.5,25,25,FALSE,137.5,47.5,25,25,FALSE,137.5,47.5,25,25,FALSE,147.5,47.5,25,25,FALSE,147.5,47.5,25,25,FALSE,152.5,47.5,25,25,FALSE,157.5,47.5,25,25,FALSE,157.5,47.5,25,25,FALSE,167.5,47.5,25,25,FALSE,167.5,47.5,25,25,FALSE,167.5,47.5,25,25,FALSE,172.5,47.5,25,25,FALSE,172.5,47.5,25,25,FALSE,177.5,47.5,25,25,FALSE,177.5,47.5,25,25,FALSE,187.5,47.5,25,25,FALSE,187.5,47.5,25,25,FALSE,187.5,47.5,25,25,FALSE,192.5,47.5,25,25,FALSE,192.5,47.5,25,25,FALSE,192.5,47.5,25,25,FALSE,197.5,47.5,25,25,FALSE,197.5,47.5,25,25,FALSE,197.5,47.5,25,25,FALSE,207.5,47.5,25,25,FALSE,217.5,47.5,25,25,FALSE,222.5,47.5,25,25,FALSE,222.5,47.5,25,25,FALSE,227.5,47.5,25,25,FALSE,227.5,47.5,25,25,FALSE,227.5,47.5,25,25,FALSE,237.5,47.5,25,25,FALSE,237.5,47.5,25,25,FALSE,242.5,47.5,25,25,FALSE,262.5,47.5,25,25,FALSE,262.5,47.5,25,25,FALSE,267.5,47.5,25,25,FALSE,267.5,47.5,25,25,FALSE,267.5,47.5,25,25,FALSE,277.5,47.5,25,25,FALSE,282.5,47.5,25,25,FALSE,292.5,47.5,25,25,FALSE,292.5,47.5,25,25,FALSE,297.5,47.5,25,25,FALSE,322.5,47.5,25,25,FALSE,327.5,47.5,25,25,FALSE,327.5,47.5,25,25,FALSE,332.5,47.5,25,25,FALSE,332.5,47.5,25,25,FALSE,332.5,47.5,25,25,FALSE,337.5,47.5,25,25,FALSE,337.5,47.5,25,25,FALSE,337.5,47.5,25,25,FALSE,342.5,47.5,25,25,FALSE,342.5,47.5,25,25,FALSE,342.5,47.5,25,25,FALSE,347.5,47.5,25,25,FALSE,347.5,47.5,25,25,FALSE,352.5,47.5,25,25,FALSE,387.5,47.5,25,25,FALSE,392.5,47.5,25,25,FALSE,392.5,47.5,25,25,FALSE,397.5,47.5,25,25,FALSE,397.5,47.5,25,25,FALSE,397.5,47.5,25,25,FALSE,407.5,47.5,25,25,FALSE,407.5,47.5,25,25,FALSE,422.5,47.5,25,25,FALSE,,,,,,,,,,,,,,,,,,,,,,,,,,,,,,,,,,,,,,,,,,,,,,,,,,,,,,,,,,,,,,,,,,,,,,,,,,,,,,,,,,,,,,,,,,,,,,,,,,,,,,,,,,,,,,,,,,,,,,,,,,,,,,,,,,,,,,,,,,,,,,,,,,,,,,,,,,,,,,,,,,,,,,,,,,,,,,,,,,,,,,,,,,,,,,,,,,,,,,,,,,,,,,,,,,
102.5,42.5,25,25,FALSE,107.5,42.5,25,25,FALSE,107.5,42.5,25,25,FALSE,117.5,42.5,25,25,FALSE,117.5,42.5,25,25,FALSE,122.5,42.5,25,25,FALSE,122.5,42.5,25,25,FALSE,127.5,42.5,25,25,FALSE,127.5,42.5,25,25,FALSE,132.5,42.5,25,25,FALSE,132.5,42.5,25,25,FALSE,137.5,42.5,25,25,FALSE,147.5,42.5,25,25,FALSE,147.5,42.5,25,25,FALSE,152.5,42.5,25,25,FALSE,152.5,42.5,25,25,FALSE,152.5,42.5,25,25,FALSE,157.5,42.5,25,25,FALSE,157.5,42.5,25,25,FALSE,172.5,42.5,25,25,FALSE,172.5,42.5,25,25,FALSE,172.5,42.5,25,25,FALSE,177.5,42.5,25,25,FALSE,177.5,42.5,25,25,FALSE,182.5,42.5,25,25,FALSE,182.5,42.5,25,25,FALSE,187.5,42.5,25,25,FALSE,187.5,42.5,25,25,FALSE,192.5,42.5,25,25,FALSE,192.5,42.5,25,25,FALSE,192.5,42.5,25,25,FALSE,207.5,42.5,25,25,FALSE,217.5,42.5,25,25,FALSE,217.5,42.5,25,25,FALSE,222.5,42.5,25,25,FALSE,222.5,42.5,25,25,FALSE,222.5,42.5,25,25,FALSE,227.5,42.5,25,25,FALSE,227.5,42.5,25,25,FALSE,232.5,42.5,25,25,FALSE,232.5,42.5,25,25,FALSE,237.5,42.5,25,25,FALSE,237.5,42.5,25,25,FALSE,242.5,42.5,25,25,FALSE,242.5,42.5,25,25,FALSE,247.5,42.5,25,25,FALSE,262.5,42.5,25,25,FALSE,262.5,42.5,25,25,FALSE,267.5,42.5,25,25,FALSE,267.5,42.5,25,25,FALSE,277.5,42.5,25,25,FALSE,277.5,42.5,25,25,FALSE,292.5,42.5,25,25,FALSE,292.5,42.5,25,25,FALSE,317.5,42.5,25,25,FALSE,322.5,42.5,25,25,FALSE,322.5,42.5,25,25,FALSE,327.5,42.5,25,25,FALSE,327.5,42.5,25,25,FALSE,327.5,42.5,25,25,FALSE,332.5,42.5,25,25,FALSE,332.5,42.5,25,25,FALSE,332.5,42.5,25,25,FALSE,337.5,42.5,25,25,FALSE,337.5,42.5,25,25,FALSE,337.5,42.5,25,25,FALSE,347.5,42.5,25,25,FALSE,347.5,42.5,25,25,FALSE,347.5,42.5,25,25,FALSE,352.5,42.5,25,25,FALSE,352.5,42.5,25,25,FALSE,387.5,42.5,25,25,FALSE,387.5,42.5,25,25,FALSE,392.5,42.5,25,25,FALSE,392.5,42.5,25,25,FALSE,392.5,42.5,25,25,FALSE,397.5,42.5,25,25,FALSE,397.5,42.5,25,25,FALSE,402.5,42.5,25,25,FALSE,402.5,42.5,25,25,FALSE,407.5,42.5,25,25,FALSE,412.5,42.5,25,25,FALSE,417.5,42.5,25,25,FALSE,427.5,42.5,25,25,FALSE,,,,,,,,,,,,,,,,,,,,,,,,,,,,,,,,,,,,,,,,,,,,,,,,,,,,,,,,,,,,,,,,,,,,,,,,,,,,,,,,,,,,,,,,,,,,,,,,,,,,,,,,,,,,,,,,,,,,,,,,,,,,,,,,,,,,,,,,,,,,,,,,,,,,,,,,,,,
102.5,37.5,25,25,FALSE,102.5,37.5,25,25,FALSE,107.5,37.5,25,25,FALSE,107.5,37.5,25,25,FALSE,117.5,37.5,25,25,FALSE,117.5,37.5,25,25,FALSE,122.5,37.5,25,25,FALSE,122.5,37.5,25,25,FALSE,122.5,37.5,25,25,FALSE,132.5,37.5,25,25,FALSE,132.5,37.5,25,25,FALSE,132.5,37.5,25,25,FALSE,137.5,37.5,25,25,FALSE,137.5,37.5,25,25,FALSE,142.5,37.5,25,25,FALSE,142.5,37.5,25,25,FALSE,147.5,37.5,25,25,FALSE,147.5,37.5,25,25,FALSE,152.5,37.5,25,25,FALSE,152.5,37.5,25,25,FALSE,152.5,37.5,25,25,FALSE,167.5,37.5,25,25,FALSE,172.5,37.5,25,25,FALSE,172.5,37.5,25,25,FALSE,177.5,37.5,25,25,FALSE,177.5,37.5,25,25,FALSE,177.5,37.5,25,25,FALSE,182.5,37.5,25,25,FALSE,182.5,37.5,25,25,FALSE,182.5,37.5,25,25,FALSE,197.5,37.5,25,25,FALSE,202.5,37.5,25,25,FALSE,212.5,37.5,25,25,FALSE,212.5,37.5,25,25,FALSE,217.5,37.5,25,25,FALSE,217.5,37.5,25,25,FALSE,227.5,37.5,25,25,FALSE,227.5,37.5,25,25,FALSE,227.5,37.5,25,25,FALSE,232.5,37.5,25,25,FALSE,232.5,37.5,25,25,FALSE,232.5,37.5,25,25,FALSE,237.5,37.5,25,25,FALSE,237.5,37.5,25,25,FALSE,237.5,37.5,25,25,FALSE,242.5,37.5,25,25,FALSE,242.5,37.5,25,25,FALSE,242.5,37.5,25,25,FALSE,247.5,37.5,25,25,FALSE,247.5,37.5,25,25,FALSE,252.5,37.5,25,25,FALSE,267.5,37.5,25,25,FALSE,267.5,37.5,25,25,FALSE,272.5,37.5,25,25,FALSE,272.5,37.5,25,25,FALSE,277.5,37.5,25,25,FALSE,282.5,37.5,25,25,FALSE,287.5,37.5,25,25,FALSE,297.5,37.5,25,25,FALSE,312.5,37.5,25,25,FALSE,317.5,37.5,25,25,FALSE,317.5,37.5,25,25,FALSE,322.5,37.5,25,25,FALSE,322.5,37.5,25,25,FALSE,322.5,37.5,25,25,FALSE,332.5,37.5,25,25,FALSE,332.5,37.5,25,25,FALSE,332.5,37.5,25,25,FALSE,342.5,37.5,25,25,FALSE,342.5,37.5,25,25,FALSE,347.5,37.5,25,25,FALSE,347.5,37.5,25,25,FALSE,352.5,37.5,25,25,FALSE,352.5,37.5,25,25,FALSE,357.5,37.5,25,25,FALSE,382.5,37.5,25,25,FALSE,387.5,37.5,25,25,FALSE,387.5,37.5,25,25,FALSE,392.5,37.5,25,25,FALSE,392.5,37.5,25,25,FALSE,392.5,37.5,25,25,FALSE,397.5,37.5,25,25,FALSE,397.5,37.5,25,25,FALSE,397.5,37.5,25,25,FALSE,402.5,37.5,25,25,FALSE,402.5,37.5,25,25,FALSE,402.5,37.5,25,25,FALSE,407.5,37.5,25,25,FALSE,407.5,37.5,25,25,FALSE,407.5,37.5,25,25,FALSE,417.5,37.5,25,25,FALSE,417.5,37.5,25,25,FALSE,422.5,37.5,25,25,FALSE,422.5,37.5,25,25,FALSE,427.5,37.5,25,25,FALSE,432.5,37.5,25,25,FALSE,,,,,,,,,,,,,,,,,,,,,,,,,,,,,,,,,,,,,,,,,,,,,,,,,,,,,,,,,,,,,,,,,,,,,,,,,,,,,,,,,,,,,,,,,,,,,,,
97.5,32.5,25,25,FALSE,102.5,32.5,25,25,FALSE,102.5,32.5,25,25,FALSE,107.5,32.5,25,25,FALSE,107.5,32.5,25,25,FALSE,112.5,32.5,25,25,FALSE,112.5,32.5,25,25,FALSE,132.5,32.5,25,25,FALSE,132.5,32.5,25,25,FALSE,137.5,32.5,25,25,FALSE,137.5,32.5,25,25,FALSE,137.5,32.5,25,25,FALSE,152.5,32.5,25,25,FALSE,152.5,32.5,25,25,FALSE,157.5,32.5,25,25,FALSE,162.5,32.5,25,25,FALSE,167.5,32.5,25,25,FALSE,167.5,32.5,25,25,FALSE,182.5,32.5,25,25,FALSE,182.5,32.5,25,25,FALSE,192.5,32.5,25,25,FALSE,202.5,32.5,25,25,FALSE,202.5,32.5,25,25,FALSE,207.5,32.5,25,25,FALSE,207.5,32.5,25,25,FALSE,212.5,32.5,25,25,FALSE,212.5,32.5,25,25,FALSE,222.5,32.5,25,25,FALSE,222.5,32.5,25,25,FALSE,227.5,32.5,25,25,FALSE,227.5,32.5,25,25,FALSE,232.5,32.5,25,25,FALSE,232.5,32.5,25,25,FALSE,232.5,32.5,25,25,FALSE,237.5,32.5,25,25,FALSE,237.5,32.5,25,25,FALSE,237.5,32.5,25,25,FALSE,242.5,32.5,25,25,FALSE,242.5,32.5,25,25,FALSE,242.5,32.5,25,25,FALSE,257.5,32.5,25,25,FALSE,267.5,32.5,25,25,FALSE,267.5,32.5,25,25,FALSE,282.5,32.5,25,25,FALSE,282.5,32.5,25,25,FALSE,282.5,32.5,25,25,FALSE,287.5,32.5,25,25,FALSE,287.5,32.5,25,25,FALSE,292.5,32.5,25,25,FALSE,292.5,32.5,25,25,FALSE,307.5,32.5,25,25,FALSE,312.5,32.5,25,25,FALSE,312.5,32.5,25,25,FALSE,317.5,32.5,25,25,FALSE,317.5,32.5,25,25,FALSE,317.5,32.5,25,25,FALSE,322.5,32.5,25,25,FALSE,322.5,32.5,25,25,FALSE,327.5,32.5,25,25,FALSE,327.5,32.5,25,25,FALSE,342.5,32.5,25,25,FALSE,342.5,32.5,25,25,FALSE,347.5,32.5,25,25,FALSE,347.5,32.5,25,25,FALSE,347.5,32.5,25,25,FALSE,352.5,32.5,25,25,FALSE,352.5,32.5,25,25,FALSE,352.5,32.5,25,25,FALSE,357.5,32.5,25,25,FALSE,357.5,32.5,25,25,FALSE,362.5,32.5,25,25,FALSE,387.5,32.5,25,25,FALSE,387.5,32.5,25,25,FALSE,387.5,32.5,25,25,FALSE,392.5,32.5,25,25,FALSE,392.5,32.5,25,25,FALSE,392.5,32.5,25,25,FALSE,402.5,32.5,25,25,FALSE,402.5,32.5,25,25,FALSE,402.5,32.5,25,25,FALSE,412.5,32.5,25,25,FALSE,412.5,32.5,25,25,FALSE,427.5,32.5,25,25,FALSE,427.5,32.5,25,25,FALSE,427.5,32.5,25,25,FALSE,437.5,32.5,25,25,FALSE,,,,,,,,,,,,,,,,,,,,,,,,,,,,,,,,,,,,,,,,,,,,,,,,,,,,,,,,,,,,,,,,,,,,,,,,,,,,,,,,,,,,,,,,,,,,,,,,,,,,,,,,,,,,,,,,,,,,,,,,,,,,,,,,,,,,,,,,,,,,,,,,,
92.5,27.5,25,25,FALSE,97.5,27.5,25,25,FALSE,97.5,27.5,25,25,FALSE,102.5,27.5,25,25,FALSE,102.5,27.5,25,25,FALSE,102.5,27.5,25,25,FALSE,107.5,27.5,25,25,FALSE,107.5,27.5,25,25,FALSE,107.5,27.5,25,25,FALSE,112.5,27.5,25,25,FALSE,112.5,27.5,25,25,FALSE,137.5,27.5,25,25,FALSE,137.5,27.5,25,25,FALSE,157.5,27.5,25,25,FALSE,157.5,27.5,25,25,FALSE,157.5,27.5,25,25,FALSE,162.5,27.5,25,25,FALSE,162.5,27.5,25,25,FALSE,162.5,27.5,25,25,FALSE,167.5,27.5,25,25,FALSE,167.5,27.5,25,25,FALSE,182.5,27.5,25,25,FALSE,187.5,27.5,25,25,FALSE,187.5,27.5,25,25,FALSE,192.5,27.5,25,25,FALSE,197.5,27.5,25,25,FALSE,197.5,27.5,25,25,FALSE,207.5,27.5,25,25,FALSE,207.5,27.5,25,25,FALSE,207.5,27.5,25,25,FALSE,217.5,27.5,25,25,FALSE,217.5,27.5,25,25,FALSE,222.5,27.5,25,25,FALSE,222.5,27.5,25,25,FALSE,227.5,27.5,25,25,FALSE,227.5,27.5,25,25,FALSE,227.5,27.5,25,25,FALSE,232.5,27.5,25,25,FALSE,232.5,27.5,25,25,FALSE,232.5,27.5,25,25,FALSE,237.5,27.5,25,25,FALSE,237.5,27.5,25,25,FALSE,237.5,27.5,25,25,FALSE,257.5,27.5,25,25,FALSE,267.5,27.5,25,25,FALSE,272.5,27.5,25,25,FALSE,277.5,27.5,25,25,FALSE,282.5,27.5,25,25,FALSE,282.5,27.5,25,25,FALSE,292.5,27.5,25,25,FALSE,292.5,27.5,25,25,FALSE,307.5,27.5,25,25,FALSE,307.5,27.5,25,25,FALSE,317.5,27.5,25,25,FALSE,317.5,27.5,25,25,FALSE,317.5,27.5,25,25,FALSE,327.5,27.5,25,25,FALSE,327.5,27.5,25,25,FALSE,332.5,27.5,25,25,FALSE,347.5,27.5,25,25,FALSE,347.5,27.5,25,25,FALSE,347.5,27.5,25,25,FALSE,352.5,27.5,25,25,FALSE,352.5,27.5,25,25,FALSE,352.5,27.5,25,25,FALSE,367.5,27.5,25,25,FALSE,382.5,27.5,25,25,FALSE,387.5,27.5,25,25,FALSE,387.5,27.5,25,25,FALSE,402.5,27.5,25,25,FALSE,407.5,27.5,25,25,FALSE,407.5,27.5,25,25,FALSE,417.5,27.5,25,25,FALSE,422.5,27.5,25,25,FALSE,437.5,27.5,25,25,FALSE,442.5,27.5,25,25,FALSE,,,,,,,,,,,,,,,,,,,,,,,,,,,,,,,,,,,,,,,,,,,,,,,,,,,,,,,,,,,,,,,,,,,,,,,,,,,,,,,,,,,,,,,,,,,,,,,,,,,,,,,,,,,,,,,,,,,,,,,,,,,,,,,,,,,,,,,,,,,,,,,,,,,,,,,,,,,,,,,,,,,,,,,,,,,,,,,,,,,,,,,,,,,,,,,,,,,
102.5,22.5,25,25,FALSE,102.5,22.5,25,25,FALSE,102.5,22.5,25,25,FALSE,107.5,22.5,25,25,FALSE,107.5,22.5,25,25,FALSE,107.5,22.5,25,25,FALSE,112.5,22.5,25,25,FALSE,112.5,22.5,25,25,FALSE,117.5,22.5,25,25,FALSE,132.5,22.5,25,25,FALSE,142.5,22.5,25,25,FALSE,152.5,22.5,25,25,FALSE,157.5,22.5,25,25,FALSE,157.5,22.5,25,25,FALSE,162.5,22.5,25,25,FALSE,162.5,22.5,25,25,FALSE,162.5,22.5,25,25,FALSE,167.5,22.5,25,25,FALSE,167.5,22.5,25,25,FALSE,172.5,22.5,25,25,FALSE,177.5,22.5,25,25,FALSE,187.5,22.5,25,25,FALSE,187.5,22.5,25,25,FALSE,187.5,22.5,25,25,FALSE,192.5,22.5,25,25,FALSE,192.5,22.5,25,25,FALSE,192.5,22.5,25,25,FALSE,197.5,22.5,25,25,FALSE,197.5,22.5,25,25,FALSE,202.5,22.5,25,25,FALSE,202.5,22.5,25,25,FALSE,207.5,22.5,25,25,FALSE,222.5,22.5,25,25,FALSE,222.5,22.5,25,25,FALSE,222.5,22.5,25,25,FALSE,227.5,22.5,25,25,FALSE,227.5,22.5,25,25,FALSE,227.5,22.5,25,25,FALSE,232.5,22.5,25,25,FALSE,232.5,22.5,25,25,FALSE,232.5,22.5,25,25,FALSE,237.5,22.5,25,25,FALSE,237.5,22.5,25,25,FALSE,242.5,22.5,25,25,FALSE,257.5,22.5,25,25,FALSE,262.5,22.5,25,25,FALSE,262.5,22.5,25,25,FALSE,277.5,22.5,25,25,FALSE,277.5,22.5,25,25,FALSE,277.5,22.5,25,25,FALSE,287.5,22.5,25,25,FALSE,287.5,22.5,25,25,FALSE,292.5,22.5,25,25,FALSE,297.5,22.5,25,25,FALSE,302.5,22.5,25,25,FALSE,307.5,22.5,25,25,FALSE,312.5,22.5,25,25,FALSE,312.5,22.5,25,25,FALSE,322.5,22.5,25,25,FALSE,322.5,22.5,25,25,FALSE,327.5,22.5,25,25,FALSE,327.5,22.5,25,25,FALSE,332.5,22.5,25,25,FALSE,332.5,22.5,25,25,FALSE,337.5,22.5,25,25,FALSE,342.5,22.5,25,25,FALSE,347.5,22.5,25,25,FALSE,347.5,22.5,25,25,FALSE,362.5,22.5,25,25,FALSE,382.5,22.5,25,25,FALSE,382.5,22.5,25,25,FALSE,392.5,22.5,25,25,FALSE,402.5,22.5,25,25,FALSE,402.5,22.5,25,25,FALSE,412.5,22.5,25,25,FALSE,412.5,22.5,25,25,FALSE,417.5,22.5,25,25,FALSE,417.5,22.5,25,25,FALSE,422.5,22.5,25,25,FALSE,422.5,22.5,25,25,FALSE,432.5,22.5,25,25,FALSE,437.5,22.5,25,25,FALSE,437.5,22.5,25,25,FALSE,447.5,22.5,25,25,FALSE,,,,,,,,,,,,,,,,,,,,,,,,,,,,,,,,,,,,,,,,,,,,,,,,,,,,,,,,,,,,,,,,,,,,,,,,,,,,,,,,,,,,,,,,,,,,,,,,,,,,,,,,,,,,,,,,,,,,,,,,,,,,,,,,,,,,,,,,,,,,,,,,,,,,,,,,,,,
97.5,17.5,25,25,FALSE,102.5,17.5,25,25,FALSE,102.5,17.5,25,25,FALSE,107.5,17.5,25,25,FALSE,107.5,17.5,25,25,FALSE,107.5,17.5,25,25,FALSE,112.5,17.5,25,25,FALSE,112.5,17.5,25,25,FALSE,112.5,17.5,25,25,FALSE,117.5,17.5,25,25,FALSE,117.5,17.5,25,25,FALSE,122.5,17.5,25,25,FALSE,127.5,17.5,25,25,FALSE,132.5,17.5,25,25,FALSE,142.5,17.5,25,25,FALSE,147.5,17.5,25,25,FALSE,147.5,17.5,25,25,FALSE,152.5,17.5,25,25,FALSE,152.5,17.5,25,25,FALSE,162.5,17.5,25,25,FALSE,162.5,17.5,25,25,FALSE,162.5,17.5,25,25,FALSE,177.5,17.5,25,25,FALSE,177.5,17.5,25,25,FALSE,187.5,17.5,25,25,FALSE,187.5,17.5,25,25,FALSE,192.5,17.5,25,25,FALSE,192.5,17.5,25,25,FALSE,192.5,17.5,25,25,FALSE,207.5,17.5,25,25,FALSE,207.5,17.5,25,25,FALSE,222.5,17.5,25,25,FALSE,222.5,17.5,25,25,FALSE,232.5,17.5,25,25,FALSE,232.5,17.5,25,25,FALSE,232.5,17.5,25,25,FALSE,237.5,17.5,25,25,FALSE,237.5,17.5,25,25,FALSE,237.5,17.5,25,25,FALSE,242.5,17.5,25,25,FALSE,242.5,17.5,25,25,FALSE,247.5,17.5,25,25,FALSE,257.5,17.5,25,25,FALSE,257.5,17.5,25,25,FALSE,262.5,17.5,25,25,FALSE,262.5,17.5,25,25,FALSE,267.5,17.5,25,25,FALSE,272.5,17.5,25,25,FALSE,277.5,17.5,25,25,FALSE,282.5,17.5,25,25,FALSE,282.5,17.5,25,25,FALSE,287.5,17.5,25,25,FALSE,287.5,17.5,25,25,FALSE,292.5,17.5,25,25,FALSE,292.5,17.5,25,25,FALSE,292.5,17.5,25,25,FALSE,297.5,17.5,25,25,FALSE,297.5,17.5,25,25,FALSE,297.5,17.5,25,25,FALSE,302.5,17.5,25,25,FALSE,302.5,17.5,25,25,FALSE,302.5,17.5,25,25,FALSE,307.5,17.5,25,25,FALSE,307.5,17.5,25,25,FALSE,307.5,17.5,25,25,FALSE,317.5,17.5,25,25,FALSE,317.5,17.5,25,25,FALSE,327.5,17.5,25,25,FALSE,327.5,17.5,25,25,FALSE,327.5,17.5,25,25,FALSE,332.5,17.5,25,25,FALSE,332.5,17.5,25,25,FALSE,332.5,17.5,25,25,FALSE,337.5,17.5,25,25,FALSE,337.5,17.5,25,25,FALSE,337.5,17.5,25,25,FALSE,342.5,17.5,25,25,FALSE,342.5,17.5,25,25,FALSE,342.5,17.5,25,25,FALSE,347.5,17.5,25,25,FALSE,347.5,17.5,25,25,FALSE,357.5,17.5,25,25,FALSE,367.5,17.5,25,25,FALSE,377.5,17.5,25,25,FALSE,397.5,17.5,25,25,FALSE,397.5,17.5,25,25,FALSE,402.5,17.5,25,25,FALSE,412.5,17.5,25,25,FALSE,412.5,17.5,25,25,FALSE,417.5,17.5,25,25,FALSE,417.5,17.5,25,25,FALSE,417.5,17.5,25,25,FALSE,422.5,17.5,25,25,FALSE,422.5,17.5,25,25,FALSE,427.5,17.5,25,25,FALSE,427.5,17.5,25,25,FALSE,432.5,17.5,25,25,FALSE,432.5,17.5,25,25,FALSE,,,,,,,,,,,,,,,,,,,,,,,,,,,,,,,,,,,,,,,,,,,,,,,,,,,,,,,,,,,,,,,,,,,,,,,,,,,,,,,,,,,,,
92.5,12.5,25,25,FALSE,97.5,12.5,25,25,FALSE,97.5,12.5,25,25,FALSE,102.5,12.5,25,25,FALSE,102.5,12.5,25,25,FALSE,102.5,12.5,25,25,FALSE,117.5,12.5,25,25,FALSE,117.5,12.5,25,25,FALSE,117.5,12.5,25,25,FALSE,122.5,12.5,25,25,FALSE,122.5,12.5,25,25,FALSE,122.5,12.5,25,25,FALSE,127.5,12.5,25,25,FALSE,127.5,12.5,25,25,FALSE,127.5,12.5,25,25,FALSE,137.5,12.5,25,25,FALSE,137.5,12.5,25,25,FALSE,142.5,12.5,25,25,FALSE,142.5,12.5,25,25,FALSE,152.5,12.5,25,25,FALSE,152.5,12.5,25,25,FALSE,157.5,12.5,25,25,FALSE,157.5,12.5,25,25,FALSE,162.5,12.5,25,25,FALSE,167.5,12.5,25,25,FALSE,177.5,12.5,25,25,FALSE,182.5,12.5,25,25,FALSE,182.5,12.5,25,25,FALSE,187.5,12.5,25,25,FALSE,187.5,12.5,25,25,FALSE,192.5,12.5,25,25,FALSE,192.5,12.5,25,25,FALSE,202.5,12.5,25,25,FALSE,207.5,12.5,25,25,FALSE,212.5,12.5,25,25,FALSE,217.5,12.5,25,25,FALSE,222.5,12.5,25,25,FALSE,227.5,12.5,25,25,FALSE,227.5,12.5,25,25,FALSE,232.5,12.5,25,25,FALSE,232.5,12.5,25,25,FALSE,237.5,12.5,25,25,FALSE,237.5,12.5,25,25,FALSE,237.5,12.5,25,25,FALSE,252.5,12.5,25,25,FALSE,252.5,12.5,25,25,FALSE,257.5,12.5,25,25,FALSE,257.5,12.5,25,25,FALSE,262.5,12.5,25,25,FALSE,262.5,12.5,25,25,FALSE,262.5,12.5,25,25,FALSE,267.5,12.5,25,25,FALSE,267.5,12.5,25,25,FALSE,267.5,12.5,25,25,FALSE,272.5,12.5,25,25,FALSE,272.5,12.5,25,25,FALSE,272.5,12.5,25,25,FALSE,277.5,12.5,25,25,FALSE,277.5,12.5,25,25,FALSE,277.5,12.5,25,25,FALSE,282.5,12.5,25,25,FALSE,282.5,12.5,25,25,FALSE,282.5,12.5,25,25,FALSE,287.5,12.5,25,25,FALSE,287.5,12.5,25,25,FALSE,287.5,12.5,25,25,FALSE,292.5,12.5,25,25,FALSE,292.5,12.5,25,25,FALSE,292.5,12.5,25,25,FALSE,297.5,12.5,25,25,FALSE,297.5,12.5,25,25,FALSE,297.5,12.5,25,25,FALSE,302.5,12.5,25,25,FALSE,302.5,12.5,25,25,FALSE,302.5,12.5,25,25,FALSE,312.5,12.5,25,25,FALSE,312.5,12.5,25,25,FALSE,322.5,12.5,25,25,FALSE,322.5,12.5,25,25,FALSE,327.5,12.5,25,25,FALSE,327.5,12.5,25,25,FALSE,332.5,12.5,25,25,FALSE,332.5,12.5,25,25,FALSE,332.5,12.5,25,25,FALSE,337.5,12.5,25,25,FALSE,337.5,12.5,25,25,FALSE,337.5,12.5,25,25,FALSE,342.5,12.5,25,25,FALSE,342.5,12.5,25,25,FALSE,342.5,12.5,25,25,FALSE,347.5,12.5,25,25,FALSE,347.5,12.5,25,25,FALSE,352.5,12.5,25,25,FALSE,352.5,12.5,25,25,FALSE,357.5,12.5,25,25,FALSE,362.5,12.5,25,25,FALSE,362.5,12.5,25,25,FALSE,367.5,12.5,25,25,FALSE,372.5,12.5,25,25,FALSE,372.5,12.5,25,25,FALSE,377.5,12.5,25,25,FALSE,382.5,12.5,25,25,FALSE,392.5,12.5,25,25,FALSE,407.5,12.5,25,25,FALSE,407.5,12.5,25,25,FALSE,412.5,12.5,25,25,FALSE,412.5,12.5,25,25,FALSE,422.5,12.5,25,25,FALSE,422.5,12.5,25,25,FALSE,422.5,12.5,25,25,FALSE,427.5,12.5,25,25,FALSE,427.5,12.5,25,25,FALSE,427.5,12.5,25,25,FALSE,432.5,12.5,25,25,FALSE,432.5,12.5,25,25,FALSE
87.5,7.5,25,25,FALSE,92.5,7.5,25,25,FALSE,92.5,7.5,25,25,FALSE,97.5,7.5,25,25,FALSE,97.5,7.5,25,25,FALSE,97.5,7.5,25,25,FALSE,102.5,7.5,25,25,FALSE,102.5,7.5,25,25,FALSE,107.5,7.5,25,25,FALSE,117.5,7.5,25,25,FALSE,117.5,7.5,25,25,FALSE,122.5,7.5,25,25,FALSE,122.5,7.5,25,25,FALSE,122.5,7.5,25,25,FALSE,127.5,7.5,25,25,FALSE,127.5,7.5,25,25,FALSE,132.5,7.5,25,25,FALSE,132.5,7.5,25,25,FALSE,142.5,7.5,25,25,FALSE,142.5,7.5,25,25,FALSE,147.5,7.5,25,25,FALSE,147.5,7.5,25,25,FALSE,167.5,7.5,25,25,FALSE,167.5,7.5,25,25,FALSE,177.5,7.5,25,25,FALSE,177.5,7.5,25,25,FALSE,182.5,7.5,25,25,FALSE,182.5,7.5,25,25,FALSE,182.5,7.5,25,25,FALSE,197.5,7.5,25,25,FALSE,197.5,7.5,25,25,FALSE,202.5,7.5,25,25,FALSE,202.5,7.5,25,25,FALSE,207.5,7.5,25,25,FALSE,207.5,7.5,25,25,FALSE,207.5,7.5,25,25,FALSE,212.5,7.5,25,25,FALSE,212.5,7.5,25,25,FALSE,212.5,7.5,25,25,FALSE,217.5,7.5,25,25,FALSE,217.5,7.5,25,25,FALSE,217.5,7.5,25,25,FALSE,222.5,7.5,25,25,FALSE,222.5,7.5,25,25,FALSE,222.5,7.5,25,25,FALSE,227.5,7.5,25,25,FALSE,227.5,7.5,25,25,FALSE,227.5,7.5,25,25,FALSE,237.5,7.5,25,25,FALSE,237.5,7.5,25,25,FALSE,242.5,7.5,25,25,FALSE,247.5,7.5,25,25,FALSE,252.5,7.5,25,25,FALSE,252.5,7.5,25,25,FALSE,257.5,7.5,25,25,FALSE,257.5,7.5,25,25,FALSE,257.5,7.5,25,25,FALSE,262.5,7.5,25,25,FALSE,262.5,7.5,25,25,FALSE,262.5,7.5,25,25,FALSE,272.5,7.5,25,25,FALSE,272.5,7.5,25,25,FALSE,272.5,7.5,25,25,FALSE,277.5,7.5,25,25,FALSE,277.5,7.5,25,25,FALSE,277.5,7.5,25,25,FALSE,287.5,7.5,25,25,FALSE,287.5,7.5,25,25,FALSE,287.5,7.5,25,25,FALSE,292.5,7.5,25,25,FALSE,292.5,7.5,25,25,FALSE,292.5,7.5,25,25,FALSE,312.5,7.5,25,25,FALSE,317.5,7.5,25,25,FALSE,317.5,7.5,25,25,FALSE,322.5,7.5,25,25,FALSE,322.5,7.5,25,25,FALSE,327.5,7.5,25,25,FALSE,327.5,7.5,25,25,FALSE,327.5,7.5,25,25,FALSE,347.5,7.5,25,25,FALSE,347.5,7.5,25,25,FALSE,347.5,7.5,25,25,FALSE,362.5,7.5,25,25,FALSE,362.5,7.5,25,25,FALSE,362.5,7.5,25,25,FALSE,377.5,7.5,25,25,FALSE,377.5,7.5,25,25,FALSE,377.5,7.5,25,25,FALSE,382.5,7.5,25,25,FALSE,382.5,7.5,25,25,FALSE,387.5,7.5,25,25,FALSE,387.5,7.5,25,25,FALSE,392.5,7.5,25,25,FALSE,397.5,7.5,25,25,FALSE,407.5,7.5,25,25,FALSE,407.5,7.5,25,25,FALSE,412.5,7.5,25,25,FALSE,412.5,7.5,25,25,FALSE,417.5,7.5,25,25,FALSE,417.5,7.5,25,25,FALSE,422.5,7.5,25,25,FALSE,422.5,7.5,25,25,FALSE,427.5,7.5,25,25,FALSE,427.5,7.5,25,25,FALSE,427.5,7.5,25,25,FALSE,437.5,7.5,25,25,FALSE,,,,,,,,,,,,,,,,,,,,,,,,,,,,,,,,,,,,,,,,
